county,lat,lng
Los Angeles,34.3219,-118.2247
Cook,41.8401,-87.8168
Harris,29.8578,-95.3938
Maricopa,33.349,-112.4915
San Diego,33.0343,-116.7351
Orange,33.7031,-117.7609
Miami-Dade,25.615,-80.5624
Kings,40.6413,-73.9383
Dallas,32.7666,-96.7778
Riverside,33.7437,-115.9938
Queens,40.7035,-73.8196
Clark,36.2152,-115.0135
King,47.4902,-121.8052
San Bernardino,34.8414,-116.1785
Tarrant,32.7719,-97.2911
Bexar,29.4489,-98.52
Broward,26.1523,-80.4871
Santa Clara,37.2318,-121.6951
Wayne,42.2822,-83.283
Alameda,37.6469,-121.8887
New York,40.7793,-73.9668
Middlesex,42.4856,-71.3918
Philadelphia,40.0077,-75.1339
Sacramento,38.4493,-121.3443
Suffolk,40.8681,-72.8454
Palm Beach,26.6476,-80.4655
Hillsborough,27.9292,-82.3088
Bronx,40.8501,-73.8671
Orange,28.5144,-81.3235
Nassau,40.7326,-73.5862
Franklin,39.9695,-83.0093
Travis,30.3344,-97.782
Oakland,42.6604,-83.3858
Hennepin,45.0046,-93.477
Cuyahoga,41.4243,-81.6586
Allegheny,40.4688,-79.9812
Salt Lake,40.6673,-111.9236
Contra Costa,37.9192,-121.9275
Fairfax,38.8368,-77.277
Wake,35.7903,-78.6503
Mecklenburg,35.2467,-80.8328
Collin,33.188,-96.5724
Fulton,33.7902,-84.467
Montgomery,39.1363,-77.2042
Pima,32.0974,-111.7899
Honolulu,21.5009,-158.106
Fresno,36.7582,-119.6493
St. Louis,38.6407,-90.4434
Westchester,41.1626,-73.7561
Duval,30.3313,-81.6715
Capitol,41.8185,-72.572
Marion,39.7817,-86.1385
Pinellas,27.9198,-82.7255
Gwinnett,33.9617,-84.0236
Prince George's,38.8295,-76.8473
Bergen,40.9597,-74.0742
Erie,42.7639,-78.7323
Milwaukee,43.0072,-87.9669
DuPage,41.852,-88.0856
Shelby,35.1842,-89.894
Pierce,47.0239,-122.104
Denton,33.2055,-97.1168
Kern,35.3426,-118.7301
Macomb,42.6957,-82.9323
Hidalgo,26.3969,-98.1812
El Paso,31.7686,-106.2348
Middlesex,40.4391,-74.4117
Worcester,42.3514,-71.9077
Montgomery,40.2108,-75.3673
Essex,40.788,-74.2481
San Francisco,37.7556,-122.445
Baltimore,39.4627,-76.6393
Ventura,34.4561,-119.0836
Fort Bend,29.5275,-95.7709
Snohomish,48.0474,-121.6972
Hamilton,39.1955,-84.5428
Multnomah,45.5468,-122.4149
Essex,42.6732,-70.9524
Oklahoma,35.5515,-97.4072
Suffolk,42.3328,-71.0735
San Joaquin,37.9348,-121.2714
Jefferson,38.1872,-85.6591
Lee,26.578,-81.8332
Cobb,33.9415,-84.5767
DeKalb,33.7716,-84.2264
Monroe,43.1464,-77.6961
San Mateo,37.4228,-122.3291
Polk,27.9489,-81.6976
El Paso,38.8321,-104.5254
Norfolk,42.1603,-71.2118
Jackson,39.0085,-94.3461
Lake,42.3233,-88.0037
Hudson,40.7408,-74.0751
Denver,39.762,-104.8758
Davidson,36.1695,-86.7848
Will,41.445,-87.9786
Bernalillo,35.0514,-106.6701
Jefferson,33.5543,-86.8964
District of Columbia,38.9047,-77.0163
Tulsa,36.1211,-95.9415
Utah,40.1199,-111.6702
Providence,41.8721,-71.58
Kent,43.0322,-85.5493
Arapahoe,39.6498,-104.3393
Bucks,40.337,-75.1069
Monmouth,40.2601,-74.2216
Ocean,39.8856,-74.2814
Montgomery,30.3002,-95.503
Western Connecticut,41.3225,-73.4475
Williamson,30.6475,-97.6004
Johnson,38.8838,-94.8223
Brevard,28.2937,-80.7323
Washington,45.56,-123.0984
Anne Arundel,39.0065,-76.6051
Baltimore,39.3051,-76.6144
Douglas,41.2953,-96.1543
Jefferson,39.5864,-105.2505
Bristol,41.7972,-71.1144
Delaware,39.9167,-75.3991
Union,40.6601,-74.31
South Central Connecticut,41.3613,-72.8445
New Castle,39.5768,-75.6527
Pasco,28.3092,-82.392
Dane,43.0673,-89.4181
Volusia,29.0584,-81.1819
Lancaster,40.0424,-76.2477
Stanislaus,37.5591,-120.9977
Ramsey,45.0171,-93.0996
Guilford,36.0795,-79.7889
Summit,41.126,-81.5322
Spokane,47.6207,-117.404
Chester,39.9731,-75.7484
Montgomery,39.7547,-84.2907
Plymouth,41.9511,-70.8115
Greenville,34.8941,-82.3706
Sedgwick,37.6848,-97.461
Camden,39.8035,-74.9597
Adams,39.8736,-104.3379
Passaic,41.0343,-74.3009
Kane,41.9388,-88.4286
Morris,40.862,-74.5445
Clark,45.7792,-122.4825
Lake,41.4167,-87.3821
Ada,43.4511,-116.2412
Polk,41.6854,-93.5734
Richmond,40.5807,-74.1531
Sonoma,38.529,-122.8882
Washoe,40.6655,-119.6643
Knox,35.9932,-83.9371
Prince William,38.7029,-77.4809
Tulare,36.2202,-118.8005
Onondaga,43.0058,-76.1946
Seminole,28.717,-81.2363
Hampden,42.1351,-72.6316
Burlington,39.8777,-74.6681
Virginia Beach,36.7335,-76.0435
York,39.92,-76.7265
East Baton Rouge,30.5383,-91.0956
Naugatuck Valley,41.5231,-73.086
Solano,38.27,-121.9328
Santa Barbara,34.6729,-120.0169
Sarasota,27.1845,-82.3315
Dakota,44.6719,-93.0654
Monterey,36.2171,-121.2388
Jefferson,29.7882,-90.1276
Pinal,32.9044,-111.3448
Lucas,41.6197,-83.6589
Berks,40.4163,-75.926
Hillsborough,42.9153,-71.7161
Cameron,26.1332,-97.5186
Clackamas,45.188,-122.2208
Loudoun,39.0907,-77.6357
Richland,34.0218,-80.9031
Mobile,30.7877,-88.2058
Charleston,32.8348,-79.953
Waukesha,43.0182,-88.3045
Placer,39.0634,-120.7177
St. Charles,38.782,-90.6749
Genesee,43.0217,-83.7067
Manatee,27.4719,-82.3153
Orange,41.4022,-74.3056
Pulaski,34.77,-92.312
Osceola,28.0626,-81.1495
Madison,34.7631,-86.5502
Butler,39.4386,-84.5756
Lake,28.7615,-81.7113
Allen,41.0909,-85.0666
Forsyth,36.1306,-80.2563
Mercer,40.2834,-74.7018
Lane,43.9387,-122.848
Orleans,30.0687,-89.9289
Collier,26.1108,-81.3474
Marion,29.2102,-82.0567
Brazoria,29.1898,-95.4521
Stark,40.8139,-81.3656
Lehigh,40.6127,-75.5923
Bell,31.0373,-97.4788
Washtenaw,42.2532,-83.8388
Hamilton,35.1808,-85.1648
Chesterfield,37.3785,-77.587
Anoka,45.2733,-93.2465
Davis,40.99,-112.1115
Douglas,39.3298,-104.9293
Larimer,40.6664,-105.4611
Horry,33.9214,-78.9967
Westmoreland,40.3109,-79.4668
Nueces,27.7254,-97.6134
Galveston,29.3944,-94.9642
Hamilton,40.0725,-86.052
Marion,44.9033,-122.5847
Somerset,40.5635,-74.6163
Rutherford,35.8427,-86.4167
Rockland,41.1525,-74.0242
Cumberland,35.0487,-78.8277
St. Lucie,27.3773,-80.4721
Henrico,37.538,-77.4059
Howard,39.2507,-76.9312
Weld,40.5548,-104.3925
Spartanburg,34.9309,-81.9908
Boulder,40.0925,-105.3577
Greater Bridgeport,41.2428,-73.2314
Luzerne,41.177,-75.9892
Durham,36.036,-78.8766
Lancaster,40.7842,-96.6878
Escambia,30.669,-87.363
Fayette,38.0423,-84.4587
Rockingham,42.9875,-71.1254
Albany,42.6002,-73.9736
Northampton,40.7542,-75.3076
Lorain,41.2956,-82.151
Lubbock,33.6102,-101.8205
McHenry,42.3244,-88.4523
Cumberland,43.8466,-70.3996
Gloucester,39.7173,-75.1414
Greene,37.2581,-93.342
St. Louis,38.6358,-90.2451
Dutchess,41.7652,-73.7429
Clayton,33.542,-84.3576
Chatham,32.0043,-81.1329
Ottawa,42.9599,-85.996
Lexington,33.9023,-81.2722
Cleveland,35.2031,-97.3265
Thurston,46.9256,-122.8333
Leon,30.458,-84.2779
Anchorage,61.1498,-149.1082
Benton,36.3387,-94.2561
Dauphin,40.4155,-76.7794
Winnebago,42.3363,-89.1609
York,34.9748,-81.1845
Ingham,42.5971,-84.3735
Merced,37.1919,-120.7177
San Luis Obispo,35.3871,-120.4044
Southeastern Connecticut,41.5023,-72.1
Alachua,29.6747,-82.3577
St. Johns,29.9016,-81.4407
Kitsap,47.6127,-122.6762
Atlantic,39.4778,-74.661
Frederick,39.4722,-77.398
St. Joseph,41.6167,-86.2899
Erie,41.9925,-80.0327
Buncombe,35.6112,-82.5301
Washington,45.0388,-92.8838
Santa Cruz,37.0562,-122.0018
Cherokee,34.244,-84.4762
Brown,44.4525,-88.0037
Webb,27.7611,-99.3315
St. Tammany,30.4103,-89.9584
Madison,38.8297,-89.9049
Weber,41.2698,-111.9134
Kalamazoo,42.2455,-85.5312
Cumberland,40.1636,-77.2655
McLennan,31.5524,-97.2018
Harford,39.5611,-76.3171
Marin,38.0734,-122.7234
St. Clair,38.4703,-89.9284
Yakima,46.4571,-120.7385
Jefferson,29.8841,-94.1629
Forsyth,34.2255,-84.1251
Clay,39.3105,-94.4209
Chesapeake,36.6778,-76.3023
Williamson,35.8938,-86.8986
Washington,35.9791,-94.2156
Hays,30.0579,-98.0312
Warren,39.4277,-84.1668
Lafayette,30.2068,-92.0639
Henry,33.453,-84.1542
Sussex,38.6606,-75.39
Union,34.9884,-80.5307
Yavapai,34.5998,-112.5537
Norfolk,36.8947,-76.257
Saratoga,43.1074,-73.8639
Caddo,32.5806,-93.8823
Arlington,38.8786,-77.1011
Canyon,43.6251,-116.7093
Smith,32.375,-95.2692
Brazos,30.6608,-96.3024
Baldwin,30.7277,-87.7226
Lake,41.6963,-81.2373
Tuscaloosa,33.2896,-87.5251
Berkeley,33.1973,-79.9522
Oneida,43.2418,-75.4358
Barnstable,41.7244,-70.2903
Linn,42.079,-91.599
Gaston,35.2944,-81.1803
New Hanover,34.2329,-77.8848
Montgomery,32.2203,-86.2076
Mahoning,41.0146,-80.7763
Richmond,37.5294,-77.4756
Jefferson,38.261,-90.5377
Hinds,32.2667,-90.4429
Whatcom,48.8259,-121.7199
Cabarrus,35.3868,-80.5519
Shelby,33.2643,-86.6607
Jackson,42.4322,-122.7285
Montgomery,36.4969,-87.3828
Do√±a Ana,32.3526,-106.8328
Clay,29.9831,-81.8579
Johnston,35.5178,-78.3657
Yolo,38.6866,-121.9011
Delaware,40.2784,-83.0049
Lackawanna,41.4367,-75.6092
Mohave,35.7041,-113.7579
Butte,39.6669,-121.6007
York,43.4782,-70.7144
Niagara,43.2001,-78.7452
Okaloosa,30.6913,-86.5917
Calcasieu,30.2293,-93.3581
Washington,40.1894,-80.2483
Clermont,39.0476,-84.1517
Harrison,30.5122,-89.116
Benton,46.2398,-119.5112
Elkhart,41.5974,-85.8587
Champaign,40.1401,-88.1992
Richmond,33.3596,-82.0736
Hall,34.3169,-83.8197
Anderson,34.5193,-82.6378
Muscogee,32.51,-84.8771
Yuma,32.7695,-113.9056
Onslow,34.7322,-77.4322
Hawaii,19.5984,-155.5183
Trumbull,41.317,-80.7613
St. Louis,47.6031,-92.4707
Deschutes,43.9151,-121.2281
Broome,42.1602,-75.8196
Minnehaha,43.6742,-96.7915
Racine,42.7475,-88.0613
Sumner,36.469,-86.4606
Hernando,28.5537,-82.424
Sangamon,39.7582,-89.6589
Ellis,32.3484,-96.7947
Butler,40.912,-79.9133
Livingston,42.6029,-83.9115
El Dorado,38.7787,-120.5247
Sarpy,41.1129,-96.112
Outagamie,44.4161,-88.4649
Charlotte,26.9058,-81.9114
Saginaw,43.335,-84.0532
Beaufort,32.3856,-80.7306
Santa Rosa,30.7004,-87.0219
Iredell,35.8071,-80.8734
Tippecanoe,40.3886,-86.8941
Cass,46.933,-97.248
DeSoto,34.8753,-89.9912
Newport News,37.1049,-76.5181
Boone,38.9906,-92.3097
Washington,37.2804,-113.5048
Johnson,32.379,-97.3665
Kent,39.086,-75.5686
Medina,41.1176,-81.8997
Ulster,41.8881,-74.2585
Shasta,40.7637,-122.0405
Peoria,40.788,-89.76
Bay,30.2652,-85.6203
Vanderburgh,38.0249,-87.5859
Kanawha,38.3365,-81.5281
Imperial,33.0395,-115.3654
Licking,40.0916,-82.4831
Shawnee,39.0415,-95.7565
Muskegon,43.2912,-86.152
Hendricks,39.7695,-86.51
Lower Connecticut River Valley,41.45,-72.5073
Lee,32.6011,-85.3555
Scott,41.6371,-90.6232
Guadalupe,29.5831,-97.9486
Kootenai,47.6744,-116.7018
Porter,41.4603,-87.0672
Carroll,39.5629,-77.0225
Alamance,36.0437,-79.3995
McLean,40.4909,-88.8473
Winnebago,44.0689,-88.6447
Pitt,35.5933,-77.3745
Kent,41.6722,-71.5932
Paulding,33.9206,-84.8673
Aiken,33.5443,-81.6347
Davidson,35.7933,-80.2128
Midland,31.8691,-102.0316
Kenton,38.9334,-84.5333
Kenosha,42.5769,-88.0424
Chittenden,44.4611,-73.0813
Pueblo,38.1735,-104.5127
Monroe,41.0581,-75.3395
Wyandotte,39.1146,-94.7646
Beaver,40.6823,-80.3493
Greene,39.6915,-83.8899
Charles,38.5073,-76.9922
Yellowstone,45.9373,-108.2744
Comal,29.8082,-98.2783
Maui,20.8596,-156.565
Houston,32.459,-83.6662
Rock,42.6712,-89.0716
Olmsted,44.0038,-92.4018
Ector,31.8692,-102.5429
Dorchester,33.0793,-80.4067
Johnson,39.49,-86.1016
Portage,41.1677,-81.1974
Catawba,35.662,-81.2151
Indian River,27.6943,-80.6064
Rensselaer,42.7111,-73.5097
Jackson,42.2485,-84.4234
St. Clair,42.9341,-82.6806
Ouachita,32.4784,-92.1549
Schenectady,42.8181,-74.0586
Martin,27.0775,-80.4315
Fairfield,39.7516,-82.6306
Sullivan,36.5129,-82.3042
Centre,40.9189,-77.8199
Stearns,45.5521,-94.613
Stafford,38.4207,-77.458
Alexandria,38.8185,-77.0861
Madera,37.218,-119.7627
Rankin,32.2641,-89.9458
Columbia,33.5441,-82.2641
Canadian,35.5424,-97.9824
Bibb,32.8065,-83.6974
Mesa,39.0183,-108.4664
Franklin,39.9274,-77.7213
Citrus,28.8489,-82.4794
Monroe,41.9291,-83.5394
Washington,39.6036,-77.814
Santa Fe,35.5069,-105.9763
Berrien,41.9547,-86.4123
Hampshire,42.3402,-72.6638
Merrimack,43.2975,-71.6802
Cumberland,39.3739,-75.1107
Johnson,41.6715,-91.5881
Penobscot,45.4006,-68.6495
Kings,36.0752,-119.8155
Scott,44.6485,-93.5359
Parker,32.7776,-97.8051
Kaufman,32.5993,-96.2878
Sandoval,35.6886,-106.8659
Wilson,36.1547,-86.2973
Coweta,33.3534,-84.7634
Rowan,35.6394,-80.5247
Orange,36.0611,-79.1207
Sussex,41.1393,-74.6909
Douglas,33.7018,-84.768
Coconino,35.8387,-111.7705
Randolph,35.7103,-79.806
Rock Island,41.4673,-90.5674
Jackson,30.5425,-88.6358
Livingston,30.4401,-90.7279
Lebanon,40.3672,-76.4577
Schuylkill,40.7058,-76.216
Taylor,32.3015,-99.8901
Wright,45.1739,-93.9631
Randall,34.9659,-101.897
Spotsylvania,38.1851,-77.6561
Monroe,39.1609,-86.5231
Brunswick,34.0715,-78.2383
Marathon,44.8983,-89.7591
Napa,38.507,-122.3306
Hampton,37.0554,-76.3632
Florence,34.0245,-79.703
Grayson,33.6268,-96.6777
Washington,43.3685,-88.2307
Boone,38.9699,-84.7278
Humboldt,40.6993,-123.8756
Blount,35.6872,-83.9255
Clark,39.9167,-83.7844
Warren,36.9936,-86.4238
Harnett,35.3688,-78.8693
Cache,41.7225,-111.7436
Calhoun,42.2465,-85.0056
Tangipahoa,30.6266,-90.4057
Washington,36.2933,-82.4974
Cambria,40.4952,-78.7135
Kendall,41.5906,-88.4288
Sumter,28.7048,-82.081
Wood,41.3617,-83.623
Tazewell,40.5075,-89.5134
Pickens,34.8873,-82.7253
Black Hawk,42.4701,-92.3088
Strafford,43.2969,-71.0289
Madison,40.1616,-85.7194
Washington,41.4697,-71.6226
Wichita,33.9879,-98.7035
Rapides,31.1986,-92.5332
Skagit,48.4795,-121.7291
Hunterdon,40.5673,-74.9122
Bossier,32.6784,-93.6049
Clarke,33.9512,-83.3673
Berkshire,42.3707,-73.2063
Linn,44.4887,-122.5343
Fayette,39.9201,-79.6474
Sebastian,35.1989,-94.2743
Chautauqua,42.2281,-79.3663
Ascension,30.2036,-90.9113
Cochise,31.8796,-109.7512
Richland,40.7747,-82.5365
Faulkner,35.147,-92.332
Bonneville,43.3877,-111.6148
Gregg,32.4805,-94.817
Kennebec,44.4091,-69.7673
Saline,34.6466,-92.6766
Berkeley,39.4641,-78.0275
Morgan,34.4535,-86.8529
Jasper,37.2036,-94.3406
Blair,40.4811,-78.3484
San Juan,36.5085,-108.3206
Comanche,34.6621,-98.4717
Clark,38.4772,-85.7073
La Crosse,43.9066,-91.1152
Allegan,42.5913,-85.8884
Carroll,33.5828,-85.0798
Gallatin,45.5404,-111.1704
Tom Green,31.4044,-100.4621
Fayette,33.4139,-84.4943
Douglas,38.8847,-95.2926
Missoula,47.0365,-113.9237
Lowndes,30.8338,-83.2677
Oswego,43.4269,-76.1414
Potter,35.4013,-101.8939
Sheboygan,43.7212,-87.9454
Robeson,34.6402,-79.1039
Flagler,29.4614,-81.3136
Wayne,35.364,-78.004
Jefferson,44.0495,-75.9203
Wayne,40.8289,-81.888
Henderson,35.3363,-82.48
Calhoun,33.7714,-85.826
Lycoming,41.3434,-77.0645
St. Mary's,38.3024,-76.6058
Newton,33.555,-83.8502
Northwest Hills,41.8469,-73.2212
Albemarle,38.0229,-78.5567
Ontario,42.8528,-77.2998
LaPorte,41.546,-86.74
Delaware,40.2275,-85.3969
Androscoggin,44.1658,-70.2065
Douglas,43.2797,-123.1665
Craighead,35.8308,-90.6328
Hardin,37.6979,-85.9634
Rockwall,32.8978,-96.4079
Cowlitz,46.1932,-122.681
Mercer,41.3022,-80.2577
Hanover,37.7601,-77.491
Pennington,44.0037,-102.8238
Warren,40.8572,-74.9973
LaSalle,41.344,-88.8859
Bartow,34.2377,-84.8403
Madison,32.6347,-90.0337
Eaton,42.5961,-84.8383
Terrebonne,29.4148,-90.8663
Bradley,35.1541,-84.8596
Miami,40.0535,-84.2288
St. Lawrence,44.4964,-75.0691
Matanuska-Susitna,62.316,-149.5729
Cass,38.647,-94.3549
Yamhill,45.2326,-123.3081
Kankakee,41.1377,-87.8618
Carver,44.8207,-93.8026
Navajo,35.3996,-110.3214
Houston,31.1532,-85.3025
Platte,39.3803,-94.7738
Vigo,39.4306,-87.39
Monongalia,39.6303,-80.0466
Flathead,48.2951,-114.0497
Eau Claire,44.7268,-91.286
Woodbury,42.3897,-96.0448
Sumter,33.9162,-80.3822
Walworth,42.6685,-88.5419
Franklin,38.4111,-91.075
Adams,39.8715,-77.2178
Limestone,34.8101,-86.9814
Fond du Lac,43.7536,-88.4883
Cecil,39.5712,-75.9407
Wicomico,38.3733,-75.6208
Bay,43.7075,-83.9924
Macon,39.86,-88.9616
Etowah,34.0453,-86.0348
Whitfield,34.8056,-84.9672
Daviess,37.7318,-87.0873
Tompkins,42.452,-76.4736
Highlands,27.3433,-81.341
Nevada,39.3013,-120.7689
Allen,40.7715,-84.1058
Maury,35.6169,-87.077
Columbiana,40.7684,-80.7772
Hunt,33.1236,-96.0855
Craven,35.1249,-77.0939
Moore,35.3106,-79.4814
DeKalb,41.8935,-88.7703
Dallas,41.6849,-94.0398
Laramie,41.3069,-104.6894
Garland,34.5767,-93.1504
Cleveland,35.3341,-81.5555
Montgomery,37.1743,-80.3872
Lenawee,41.8951,-84.0664
Roanoke,37.2785,-79.958
Grant,47.2057,-119.4518
Sutter,39.0346,-121.6948
Dubuque,42.4688,-90.8825
Madison,35.6081,-88.8385
Story,42.0362,-93.465
Floyd,34.2632,-85.2143
Sevier,35.7846,-83.5242
Burleigh,46.9774,-100.4687
Bastrop,30.1036,-97.312
Putnam,41.4267,-73.7495
Marshall,34.367,-86.3066
Sherburne,45.444,-93.7746
Walton,33.7816,-83.7339
Ashtabula,41.7072,-80.7482
Lancaster,34.6867,-80.7054
Portsmouth,36.8453,-76.3554
Lafourche,29.5662,-90.4256
Franklin,46.5347,-118.899
Roanoke,37.2693,-80.068
Fairbanks North Star,64.8078,-146.5654
Rogers,36.3715,-95.6043
Northeastern Connecticut,41.827,-71.9769
Benton,44.4918,-123.4293
Cape May,39.1495,-74.8004
Geauga,41.4995,-81.1786
Grand Traverse,44.6687,-85.5605
Nash,35.9673,-77.9864
Suffolk,36.6953,-76.6398
Lauderdale,34.9014,-87.654
Cabell,38.4203,-82.2417
St. Croix,45.034,-92.4526
Rockdale,33.6543,-84.0266
Steuben,42.2678,-77.3838
Pottawattamie,41.3366,-95.5423
Liberty,30.1516,-94.8122
Calvert,38.5434,-76.5687
Campbell,38.9465,-84.3795
Madison,37.7202,-84.278
Tuscarawas,40.4409,-81.4737
Bowie,33.4458,-94.4234
Frederick,39.2046,-78.2626
Ozaukee,43.384,-87.9509
St. Clair,33.7157,-86.3146
Nassau,30.6107,-81.8019
Northumberland,40.852,-76.7095
Wayne,43.1566,-77.0294
Victoria,28.7964,-96.9715
Rockingham,36.396,-79.775
Mendocino,39.4402,-123.3915
Grafton,43.9407,-71.8208
Twin Falls,42.356,-114.6672
Christian,36.9696,-93.1889
Dodge,43.4163,-88.7075
Lapeer,43.0901,-83.2218
Cullman,34.1319,-86.8676
Josephine,42.3655,-123.5555
Lincoln,35.4856,-81.2235
Burke,35.7496,-81.7048
Elmore,32.5966,-86.1492
Polk,44.9035,-123.4132
Bannock,42.6685,-112.2246
Angelina,31.2548,-94.6119
Island,48.163,-122.5481
Muskingum,39.9654,-81.9444
Jefferson,43.0208,-88.7759
Lawrence,40.9912,-80.3347
Newport,41.5568,-71.2363
Dougherty,31.5335,-84.2164
Orange,30.1213,-93.8939
Glynn,31.2309,-81.5407
Buchanan,39.6598,-94.8059
Cascade,47.308,-111.347
Barrow,33.9932,-83.7127
Wood,39.2112,-81.515
Orangeburg,33.439,-80.8003
Rockingham,38.512,-78.8757
Crawford,41.6847,-80.1062
Chemung,42.1413,-76.76
Midland,43.6468,-84.3881
Howard,40.4836,-86.1169
Indiana,40.652,-79.0876
Lee,34.2899,-88.6804
Coryell,31.3909,-97.7993
Lewis,46.5778,-122.3927
Henderson,32.2119,-95.8536
St. Landry,30.5989,-92.0058
Bullitt,37.9701,-85.6959
Bartholomew,39.206,-85.8976
Wagoner,35.9611,-95.5212
Payne,36.0773,-96.9756
Leavenworth,39.1993,-95.038
Monroe,25.3192,-81.1089
Yuba,39.269,-121.3513
Cape Girardeau,37.384,-89.6845
Manitowoc,44.1199,-87.8097
Talladega,33.3801,-86.1659
Caldwell,35.953,-81.5464
Kosciusko,41.2441,-85.8607
Floyd,38.3188,-85.907
Hancock,39.8236,-85.7733
Putnam,36.1408,-85.4952
Umatilla,45.5919,-118.7369
Clinton,44.7462,-73.6782
Bulloch,32.3968,-81.7432
Bedford,37.3152,-79.5242
Clearfield,41,-78.4742
Natrona,42.9622,-106.7986
Clinton,42.9437,-84.6015
Lynchburg,37.4003,-79.1909
Chelan,47.8692,-120.619
James City,37.3289,-76.7789
Oconee,34.7535,-83.0659
Sullivan,41.7164,-74.7681
Wilson,35.7051,-77.9187
Forrest,31.1889,-89.2579
Augusta,38.1644,-79.1339
Anderson,36.1185,-84.1985
Clallam,48.0493,-123.9308
Walker,30.739,-95.5723
White,35.2563,-91.7456
Jackson,34.1339,-83.5664
Cattaraugus,42.2486,-78.6788
Ross,39.3376,-83.057
Cole,38.5054,-92.2816
Chatham,35.7026,-79.2553
Walton,30.6436,-86.1697
Valencia,34.7155,-106.809
Cheshire,42.9193,-72.2512
Cayuga,42.9175,-76.5545
Grays Harbor,47.1503,-123.7735
Van Buren,42.2513,-86.0188
Erie,41.3641,-82.6194
Hancock,41.0019,-83.6665
Raleigh,37.7714,-81.2487
Lonoke,34.7543,-91.8888
Wood,44.4553,-90.0416
Vermilion,40.1834,-87.7328
Tooele,40.4487,-113.1311
Broomfield,39.9541,-105.0527
Somerset,39.9725,-79.0283
Scioto,38.8039,-82.9929
Putnam,29.6087,-81.7443
Kauai,22.04,-159.5961
Robertson,36.5255,-86.8706
Fauquier,38.7386,-77.8092
Lea,32.7921,-103.4125
Grand Forks,47.9219,-97.4569
Christian,36.8941,-87.4904
Lauderdale,32.4043,-88.6626
Pottawatomie,35.2066,-96.9484
Riley,39.2966,-96.7352
Creek,35.9026,-96.3709
McKinley,35.5807,-108.2618
Morgan,39.4816,-86.4462
DeKalb,34.4598,-85.8041
Lewis and Clark,47.1224,-112.3904
Surry,36.4146,-80.688
Boone,40.0508,-86.4687
Franklin,42.5831,-72.5918
Greene,36.1753,-82.8458
Portage,44.476,-89.5014
York,37.2431,-76.5635
Wise,33.2159,-97.6545
Iberia,29.8967,-91.7308
Columbia,30.2242,-82.6215
Franklin,36.0828,-78.2857
Ward,48.2217,-101.5418
Troup,33.0335,-85.0284
Klamath,42.6864,-121.6501
Greenwood,34.1537,-82.1259
Harrison,32.5481,-94.3715
Blue Earth,44.0346,-94.067
San Patricio,28.0092,-97.5188
Carteret,34.8357,-76.6589
Allegany,39.6214,-78.6976
Shiawassee,42.9537,-84.1467
Walker,34.7356,-85.301
Catoosa,34.9036,-85.1382
Lake,39.1,-122.7534
Madison,42.9128,-75.6696
Oldham,38.3994,-85.4483
Otero,32.6132,-105.7414
Butler,37.7812,-96.839
McCracken,37.054,-88.7128
Laurens,34.4834,-82.0057
Spalding,33.2609,-84.2841
Aroostook,46.6589,-68.5989
Rice,44.3543,-93.2967
Jones,31.6225,-89.1688
Williamson,37.7303,-88.9299
Jefferson,34.2683,-91.9304
Montcalm,43.311,-85.1525
St. Francois,37.8102,-90.4722
Ionia,42.9451,-85.0746
Muskogee,35.6162,-95.3795
Grant,40.5158,-85.6547
Crow Wing,46.4824,-94.0709
Belmont,40.0158,-80.9885
Wayne,39.8644,-85.0098
Marquette,46.4313,-87.6416
Chippewa,45.0694,-91.2799
Wilkes,36.2062,-81.163
Apache,35.3955,-109.4888
Mason,47.3483,-123.193
Harrison,39.2835,-80.3799
Lincoln,43.2789,-96.7218
Kershaw,34.3388,-80.5902
Starr,26.5621,-98.7387
Warren,43.561,-73.846
Sauk,43.4267,-89.9482
Adams,39.9879,-91.1885
Liberty,31.8282,-81.4949
Armstrong,40.8121,-79.4646
Tehama,40.1256,-122.2341
Marion,40.5872,-83.1609
Effingham,32.3674,-81.3414
Clay,46.8923,-96.4906
Jefferson,40.385,-80.761
Pulaski,37.1039,-84.5772
Carbon,40.9182,-75.7088
Walker,33.8033,-87.2973
Isabella,43.6406,-84.8468
Columbia,41.0486,-76.4052
Coos,43.1742,-124.0594
Salem,39.5876,-75.3491
Nacogdoches,31.616,-94.6159
San Benito,36.6057,-121.075
Chaves,33.3633,-104.4669
Rutherford,35.4026,-81.9198
Hamblen,36.2171,-83.2667
Lamar,31.206,-89.5087
Warrick,38.0922,-87.2721
Belknap,43.5179,-71.4227
Georgetown,33.4343,-79.3326
Lee,35.4752,-79.1715
Pope,35.4479,-93.0345
Union,40.2994,-83.3716
Darlington,34.3325,-79.9577
Stanly,35.3119,-80.251
Knox,40.3988,-82.4215
Barry,42.595,-85.309
Hall,40.8726,-98.5022
Hood,32.4299,-97.8323
Garfield,36.3791,-97.7827
Laurel,37.1107,-84.1178
Haywood,35.556,-82.9822
Walla Walla,46.2298,-118.4784
Livingston,42.7281,-77.7755
Reno,37.953,-98.086
Garfield,39.5993,-107.9039
Pender,34.5249,-77.9052
Cumberland,35.9504,-84.9984
Columbia,42.2501,-73.6318
Washington,43.3137,-73.4308
Athens,39.3339,-82.0452
Eddy,32.4714,-104.3044
Granville,36.304,-78.6527
Tipton,35.4973,-89.7566
St. Joseph,41.9144,-85.5278
Crawford,35.5881,-94.2428
Rutland,43.5801,-73.0364
Pittsylvania,36.8213,-79.3971
Herkimer,43.4192,-74.9624
Lincoln,39.058,-90.96
Bradford,41.7887,-76.5154
Otter Tail,46.4088,-95.708
Van Zandt,32.5637,-95.8365
Washington,44.2736,-72.6148
Otsego,42.6338,-75.0326
Washington,39.4553,-81.4953
Mercer,37.4055,-81.1114
Lyon,39.0206,-119.189
Sampson,34.9916,-78.3714
Kenai Peninsula,60.2654,-151.5651
Blount,33.9809,-86.5674
Newton,36.9055,-94.3393
Pike,41.332,-75.0338
Sandusky,41.3562,-83.1464
Russell,32.2884,-85.1849
Pickaway,39.6419,-83.0244
Autauga,32.5349,-86.6427
Lowndes,33.4729,-88.4433
Huron,41.1463,-82.598
Box Elder,41.521,-113.0821
Oxford,44.4999,-70.7566
Columbia,43.4666,-89.3337
Carson City,39.1511,-119.7476
Genesee,43.0009,-78.1937
Pike,37.4691,-82.3958
Coffee,35.4906,-86.0748
Anderson,31.8133,-95.6525
Iron,37.8592,-113.2895
Jefferson,39.3076,-77.8628
Lawrence,38.5984,-82.5368
Windsor,43.5799,-72.5862
Maverick,28.7426,-100.3145
Gordon,34.5032,-84.8759
Acadia,30.2906,-92.412
Waller,30.0108,-95.9876
Putnam,38.5086,-81.909
Scott,38.2916,-84.5839
Colbert,34.7005,-87.8049
Vermilion,29.8465,-92.3242
Hawkins,36.4412,-82.9447
Chisago,45.5025,-92.9083
Hardin,30.3324,-94.3902
Pearl River,30.7688,-89.5896
Carter,36.2928,-82.1275
Taney,36.6548,-93.0411
Cherokee,35.0481,-81.6206
Marion,39.51,-80.2434
Lafayette,34.3568,-89.485
La Plata,37.2866,-107.8433
Hancock,44.6648,-68.3583
Eagle,39.6278,-106.6953
Whiteside,41.7562,-89.9141
Campbell,37.2053,-79.0966
Loudon,35.7348,-84.3119
Grady,35.0169,-97.8841
Camden,30.9306,-81.6699
Lenoir,35.2388,-77.6413
Seneca,41.1239,-83.1277
Jefferson,36.051,-83.4463
Tuolumne,38.0276,-119.9548
Franklin,36.992,-79.8811
Dickson,36.149,-87.3567
Watauga,36.2311,-81.6964
Saline,38.7838,-97.65
Johnson,38.7441,-93.8064
Washington,36.7244,-81.9598
Roane,35.8479,-84.5232
Pulaski,37.8246,-92.2076
Elko,41.1458,-115.3577
Coffee,31.4027,-85.9882
McMinn,35.4248,-84.6175
Boone,42.3231,-88.8234
Gila,33.7997,-110.8116
Jessamine,37.872,-84.5809
Fulton,43.1138,-74.4222
Tuscola,43.4641,-83.4167
Jackson,37.7851,-89.3821
Columbia,45.9438,-123.0883
Navarro,32.047,-96.4725
Worcester,38.2128,-75.334
Culpeper,38.486,-77.9558
Kerr,30.0615,-99.35
Rusk,32.1077,-94.7618
Warren,41.3343,-93.5615
Grundy,41.2851,-88.4185
Jackson,34.7795,-85.9994
Hoke,35.0175,-79.2373
Washington,36.7152,-95.9044
Ashland,40.846,-82.2707
Madison,43.7841,-111.6592
Calumet,44.0816,-88.2181
St. Charles,29.9055,-90.3582
St. Martin,30.1291,-91.6083
Grant,42.8675,-90.7062
Waupaca,44.4705,-88.9648
Harrisonburg,38.4362,-78.8735
Darke,40.1333,-84.6194
Nye,38.0422,-116.4719
Ogle,42.0426,-89.3207
Cass,41.9154,-85.9935
Franklin,38.2391,-84.8771
Medina,29.3557,-99.1101
Oktibbeha,33.425,-88.8793
Wayne,41.6487,-75.3033
Columbus,34.2657,-78.655
Cherokee,31.837,-95.1652
Henry,36.6828,-79.874
Dearborn,39.1452,-84.9732
Carroll,43.8738,-71.2031
Bristol,41.7173,-71.284
Somerset,45.5139,-69.9589
Polk,30.7927,-94.83
Bedford,35.5138,-86.4589
Venango,41.401,-79.758
Gibson,35.9966,-88.9326
Wilson,29.174,-98.0866
Lincoln,44.642,-123.8682
Queen Anne's,39.068,-76.0202
Lamar,33.6672,-95.5712
Newaygo,43.5542,-85.8009
Buffalo,40.8552,-99.075
Franklin,44.8576,-72.9131
Logan,35.9193,-97.4433
Winona,43.9869,-91.7792
Knox,40.9318,-90.2132
Burnet,30.7884,-98.1823
Montgomery,42.9023,-74.4397
Douglas,38.9123,-119.6162
Dale,31.4318,-85.611
Laurens,32.4636,-82.9222
Atascosa,28.8935,-98.5272
Duplin,34.9365,-77.933
Henry,41.3531,-90.1314
St. Mary,29.7207,-91.4486
Fremont,38.4731,-105.4395
Edgecombe,35.9129,-77.5971
Henry,39.9311,-85.3964
Halifax,36.2574,-77.6517
Le Flore,34.9003,-94.7034
Vernon,31.1083,-93.1843
Tioga,42.1703,-76.3063
Curry,34.5742,-103.347
Lincoln,32.6016,-92.6649
Bingham,43.2166,-112.3981
Boyd,38.3596,-82.6878
Carter,34.2509,-97.2858
Shelby,40.3316,-84.2048
Shelby,38.2155,-85.1948
Greene,42.2765,-74.1227
Bonner,48.3,-116.6011
Crittenden,35.2057,-90.3078
Santa Cruz,31.5259,-110.8465
Jackson,30.7954,-85.2155
Goodhue,44.4097,-92.7229
Val Verde,29.8929,-101.1517
Bedford,40.0065,-78.4903
Franklin,44.5929,-74.3038
Noble,41.3986,-85.4175
Cherokee,35.9067,-94.9997
Allegany,42.2574,-78.0276
Whitman,46.9012,-117.523
Chenango,42.4935,-75.6116
Coles,39.5203,-88.2217
Chambers,29.7384,-94.61
Campbell,44.2482,-105.5482
Nelson,37.8052,-85.466
Stevens,48.3991,-117.8552
Cortland,42.595,-76.0703
Barron,45.4237,-91.8483
Bryan,33.9623,-96.2598
Monroe,35.4427,-84.2527
Clinton,41.898,-90.532
Habersham,34.631,-83.5311
Charlottesville,38.0375,-78.4855
Beltrami,47.9738,-94.9377
Auglaize,40.5609,-84.2217
Jackson,38.9064,-86.0375
Monroe,43.9457,-90.6178
Marshall,41.3248,-86.2618
Mifflin,40.6104,-77.617
Caldwell,29.8368,-97.6199
Logan,40.3885,-83.7658
Hancock,30.4165,-89.489
Osage,36.6292,-96.3985
Greene,36.1175,-90.5589
Perry,40.3984,-77.2623
Windham,42.9906,-72.7139
Colquitt,31.1884,-83.7688
Hillsdale,41.8878,-84.5929
Calaveras,38.2046,-120.5541
Thomas,30.8637,-83.9193
Washington,30.8533,-90.0405
Kendall,29.9447,-98.7115
Wood,32.7864,-95.3821
Hopkins,37.3088,-87.5408
Dunn,44.9466,-91.8964
Chilton,32.8479,-86.7188
Polk,45.4614,-92.4414
Lawrence,38.8412,-86.4835
Itasca,47.5095,-93.6319
Bryan,32.0145,-81.4436
Shelby,39.5237,-85.7917
Macoupin,39.261,-89.9245
Ravalli,46.0817,-114.1207
Phelps,37.8772,-91.7923
Branch,41.9161,-85.059
Henderson,37.7958,-87.5729
Beaufort,35.494,-76.8598
Stokes,36.4019,-80.2397
Delaware,42.1981,-74.9665
McDowell,35.6817,-82.0493
Washington,33.2839,-90.9474
Callaway,38.8355,-91.926
Barren,36.9656,-85.9337
Stephenson,42.3518,-89.6623
Kittitas,47.1244,-120.6798
Lawrence,35.2173,-87.3956
Warren,32.3573,-90.852
Shenandoah,38.8583,-78.5708
Jefferson,41.1282,-78.9994
Holmes,40.5612,-81.9293
Huntingdon,40.4169,-77.9812
Douglas,46.4329,-91.9162
Siskiyou,41.5927,-122.5404
St. Bernard,29.8691,-89.5549
Madison,39.8942,-83.4005
Suwannee,30.1956,-82.9915
Kay,36.818,-97.1439
Baldwin,33.0693,-83.2495
Pittsburg,34.9239,-95.7484
Gadsden,30.5795,-84.6136
Brown,38.9338,-83.8673
Kandiyohi,45.1524,-95.0047
Dubois,38.3643,-86.8798
Chesterfield,34.6398,-80.1587
Sullivan,43.3613,-72.2221
DeKalb,41.3976,-84.9991
Highland,39.1847,-83.601
Levy,29.3184,-82.7434
Camden,38.027,-92.766
Douglas,47.7361,-119.6918
Richmond,35.0059,-79.7479
Stephens,34.4856,-97.8515
Pettis,38.7283,-93.2851
Coffee,31.5493,-82.8492
Davie,35.9291,-80.5445
Polk,34.0018,-85.1881
Franklin,35.1551,-86.0922
Cerro Gordo,43.0816,-93.2608
Muscatine,41.4839,-91.1127
Union,40.963,-77.0622
Montrose,38.4022,-108.2693
Erath,32.2363,-98.2179
Miller,33.3124,-93.8921
Prince George,37.1865,-77.2242
Manassas,38.7479,-77.4838
Fulton,41.6018,-84.1301
Summit,40.8683,-110.9557
Danville,36.5831,-79.4088
Vance,36.3649,-78.4079
McClain,35.0093,-97.4443
Jackson,35.2876,-83.1408
Okanogan,48.5488,-119.7408
Mercer,40.5399,-84.6294
Butler,36.7164,-90.4066
Fayette,35.1971,-89.4144
Ohio,40.0969,-80.6189
Nez Perce,46.3268,-116.7502
Pierce,44.7194,-92.4224
Sweetwater,41.6595,-108.8796
Clinton,39.4149,-83.8084
St. John the Baptist,30.1264,-90.4709
Oconee,33.835,-83.4371
Crawford,40.8508,-82.9198
Cooke,33.6393,-97.2126
Marinette,45.3834,-88.0337
Baxter,36.2872,-92.3369
Wharton,29.2779,-96.2221
Gratiot,43.2927,-84.6049
Benton,45.6991,-93.9988
Upshur,32.7363,-94.9415
Isanti,45.5615,-93.2951
Tallapoosa,32.8624,-85.7975
Tift,31.4574,-83.5266
Clatsop,45.995,-123.6557
Tioga,41.7722,-77.2543
Cheatham,36.2611,-87.0868
Warren,35.6787,-85.7785
Preble,39.7415,-84.648
Shawano,44.7892,-88.7654
Warren,38.9087,-78.2085
Delaware,36.4082,-94.8026
Sanilac,43.4236,-82.8203
Knox,44.141,-69.1686
Amador,38.4464,-120.6511
Fayette,38.0288,-81.0811
McKean,41.8076,-78.569
Pasquotank,36.2955,-76.2843
Tazewell,37.125,-81.5606
Ottawa,41.5379,-83.1435
LaGrange,41.6426,-85.4265
Mississippi,35.7624,-90.0522
Wyoming,42.7024,-78.2245
Rio Arriba,36.5096,-106.6931
Orleans,43.2521,-78.2312
Mecosta,43.6408,-85.3246
Pike,31.1749,-90.4042
Mower,43.6715,-92.7525
Murray,34.7884,-84.7481
Marshall,42.0358,-92.9988
Howell,36.774,-91.8865
Hendry,26.5535,-81.1659
Latah,46.8162,-116.7117
Okeechobee,27.3864,-80.8886
Snyder,40.7698,-77.0702
Waldo,44.5028,-69.1454
Harrison,38.1951,-86.1114
Sequoyah,35.4953,-94.7552
Avoyelles,31.0763,-92.0014
Fremont,43.0405,-108.6304
Campbell,36.4035,-84.1494
Mayes,36.3019,-95.2307
Webster,37.2809,-92.8759
Person,36.39,-78.9718
Douglas,45.9338,-95.4535
Williams,48.3437,-103.4802
Jim Wells,27.7314,-98.0899
Oconto,45.0264,-88.2697
Crawford,37.5073,-94.8518
Wayne,38.1459,-82.427
Isle of Wight,36.8912,-76.7259
Gloucester,37.416,-76.5434
Des Moines,40.9232,-91.1815
Union,33.1713,-92.5972
Champaign,40.1377,-83.7696
Colleton,32.8637,-80.667
Susquehanna,41.8214,-75.8007
Warren,41.8145,-79.2741
Graham,32.9326,-109.8875
Woodford,40.7883,-89.2113
Guernsey,40.052,-81.4943
Dallas,32.326,-87.1065
Defiance,41.3239,-84.4905
Brown,45.5898,-98.3516
Lawrence,37.1064,-93.833
Finney,38.0443,-100.737
Brown,31.7742,-98.9998
Pontotoc,34.728,-96.6844
Louisa,37.9786,-77.963
Scott,37.053,-89.5686
Montgomery,40.0404,-86.8933
Newberry,34.2898,-81.6001
Independence,35.7416,-91.5697
Clinton,41.234,-77.6385
Cass,40.7615,-86.346
Franklin,37.9923,-88.9242
Jasper,41.686,-93.0538
Oneida,45.7056,-89.5218
Talbot,38.7714,-76.0971
Boone,36.3086,-93.0915
Marion,38.6496,-88.919
Covington,31.2485,-86.4513
Albany,41.6545,-105.7238
Clarion,41.1924,-79.421
Natchitoches,31.7234,-93.0962
Addison,44.0309,-73.1408
Houghton,46.8976,-88.6875
Steele,44.0223,-93.2261
Calloway,36.621,-88.2723
Bennington,43.0354,-73.0932
Essex,44.1172,-73.7726
Yadkin,36.1605,-80.6652
Dodge,41.5779,-96.654
Dare,35.7824,-75.7988
Macon,35.1505,-83.4222
Green,42.68,-89.6022
Jefferson,38.3005,-88.924
Hopkins,33.1496,-95.564
Clinton,38.6065,-89.4225
Webster,42.4279,-94.1818
Williams,41.5603,-84.5882
Putnam,39.6663,-86.845
Okmulgee,35.6466,-95.9643
Clark,37.9708,-84.1474
Sagadahoc,43.9598,-69.8546
Delta,45.9193,-86.9241
Dyer,36.0592,-89.4136
Webster,32.7135,-93.335
Escambia,31.1261,-87.1616
McLeod,44.8236,-94.2724
Graves,36.7231,-88.6512
Huntington,40.8292,-85.4881
Chippewa,46.3053,-84.578
Whitley,36.7581,-84.1452
Coshocton,40.3017,-81.9201
Orange,38.2461,-78.014
Beauregard,30.6486,-93.3432
Alexander,35.921,-81.177
Carlton,46.5924,-92.677
Matagorda,28.8212,-96.011
Geary,39.0024,-96.7525
Cocke,35.9254,-83.1212
Knox,38.6891,-87.418
Hill,31.9907,-97.1324
Wise,36.9752,-82.6212
Laclede,37.6583,-92.5903
Fannin,33.5938,-96.1069
Scotts Bluff,41.8506,-103.708
Miami,40.7695,-86.045
Uintah,40.1248,-109.5186
Ware,31.0538,-82.4237
Greenup,38.5457,-82.9223
Adams,40.7457,-84.9366
Sioux,43.0826,-96.1779
Washington,30.2145,-96.4034
Greene,39.8538,-80.2229
Floyd,37.5571,-82.7457
Livingston,40.8916,-88.5577
Warren,38.7646,-91.1607
Madison,41.9167,-97.6008
Lincoln,44.0665,-69.5434
Perry,39.7372,-82.2361
Lincoln,35.1405,-86.589
Silver Bow,45.9024,-112.6567
Wapello,41.0306,-92.4095
Becker,46.9346,-95.674
Morrow,40.5241,-82.7941
Wasatch,40.3308,-111.1682
Harris,32.736,-84.9089
Monroe,38.2785,-90.1773
Lincoln,31.5324,-90.454
Alcorn,34.8808,-88.5803
Clark,44.7347,-90.6121
Barry,36.7099,-93.8291
Cowley,37.2377,-96.8375
Brookings,44.3697,-96.7905
Chambers,32.9143,-85.392
Effingham,39.0598,-88.5899
Marshall,35.4689,-86.765
Lincoln,41.0477,-100.7453
Steuben,41.6439,-85.0009
Howard,32.3062,-101.4356
Taos,36.5783,-105.631
Putnam,41.0221,-84.1317
Nicollet,44.3499,-94.2475
Miami,38.5635,-94.8381
Whitley,41.1394,-85.5051
DeSoto,27.1864,-81.8095
Scotland,34.8409,-79.4804
Lee,41.7461,-89.3003
Platte,41.5713,-97.5211
Ford,37.6917,-99.888
Preston,39.4693,-79.6682
Monroe,33.8923,-88.4805
Emmet,45.5202,-84.8904
Morrison,46.0126,-94.2684
Halifax,36.7669,-78.9366
Marshall,34.7623,-89.5031
Harvey,38.0432,-97.4272
Christian,39.5458,-89.2773
Pulaski,37.0636,-80.7144
Wexford,44.3383,-85.5785
Botetourt,37.5571,-79.8124
Lincoln,35.703,-96.8809
Wakulla,30.1673,-84.4007
Fulton,40.4728,-90.2075
Seneca,42.781,-76.8238
Marion,41.3344,-93.0994
Lee,40.642,-91.4793
Pickens,34.4643,-84.4656
Lumpkin,34.5722,-84.0027
Accomack,37.7644,-75.6334
Daviess,38.7024,-87.072
Caroline,38.8717,-75.8316
Petersburg,37.2043,-77.3913
Bureau,41.4041,-89.5287
Morton,46.716,-101.2811
Panola,34.3639,-89.9506
Transylvania,35.2021,-82.7982
Hot Spring,34.3177,-92.9461
Lawrence,34.5217,-87.311
Jefferson,38.7858,-85.4386
Jasper,41.023,-87.1161
Jasper,30.744,-94.0251
Rhea,35.6087,-84.9244
Clinton,40.3017,-86.4751
Gibson,38.3119,-87.5846
Jefferson,47.7486,-123.5964
Pike,31.8027,-85.9409
Greenbrier,37.947,-80.453
Stark,46.8107,-102.6551
Lee,31.7796,-84.1412
Weakley,36.2983,-88.7178
Morgan,39.7156,-90.2015
Lafayette,39.0655,-93.7854
Jackson,39.0197,-82.6184
Dorchester,38.4829,-76.0125
Hale,34.0705,-101.8269
Logan,37.8315,-81.9353
Evangeline,30.7289,-92.406
Henry,36.3318,-88.3013
Jefferson Davis,30.2677,-92.8141
Lyon,38.4562,-96.1526
Chester,34.692,-81.1595
Juneau,58.4546,-134.1733
Claiborne,36.4859,-83.6604
Franklin,34.4417,-87.8437
Polk,37.6165,-93.4005
Lassen,40.6736,-120.5943
Marshall,36.8835,-88.3294
Malheur,43.1934,-117.6232
Gilmer,34.6912,-84.4556
Lake,47.6459,-114.0894
Huron,43.8333,-83.019
Montgomery,37.1925,-95.7429
Coos,44.6896,-71.3056
Amherst,37.6048,-79.1451
Jefferson,43.8201,-112.3113
Stone,36.7469,-93.456
Titus,33.2166,-94.9657
Pontotoc,34.2254,-89.0374
Caroline,38.0267,-77.3471
Sheridan,44.79,-106.8792
Delta,38.8614,-107.8629
Clarendon,33.6658,-80.2164
Adams,40.5245,-98.5012
Polk,47.7739,-96.4019
Washington,45.0307,-67.6287
Wabash,40.8457,-85.794
McCurtain,34.1154,-94.7713
Clare,43.9879,-84.8478
Bee,28.4174,-97.7412
Summit,39.6342,-106.1164
Greene,39.0364,-86.9621
Elk,41.4251,-78.6491
Williamsburg,33.6199,-79.7277
Kleberg,27.4337,-97.7273
Freeborn,43.6738,-93.3488
Vernon,43.5939,-90.8344
Muhlenberg,37.2158,-87.142
Bolivar,33.7971,-90.8806
Trempealeau,44.304,-91.3585
Obion,36.3582,-89.1488
Hardin,40.6616,-83.6595
Boyle,37.6244,-84.8668
Marshall,39.8606,-80.6634
Powhatan,37.5502,-77.9152
Ottawa,36.8355,-94.8104
Caledonia,44.4647,-72.1021
Randolph,38.0521,-89.8252
Austin,29.887,-96.2779
Madison,34.1278,-83.209
Mecklenburg,36.6804,-78.3627
Giles,35.2021,-87.0348
Cass,46.9496,-94.3254
Wayne,31.5515,-81.9168
Iberville,30.2586,-91.3495
Knox,36.8906,-83.854
Haralson,33.7942,-85.211
McPherson,38.3917,-97.648
Door,44.9464,-87.3142
Meade,44.5668,-102.7169
Schoharie,42.5882,-74.4421
Meade,37.9698,-86.217
Park,44.5205,-109.5879
Franklin,44.974,-70.444
Bladen,34.6146,-78.5637
Smyth,36.8438,-81.537
Jasper,32.4374,-81.0317
Grimes,30.5435,-95.9855
Orange,44.0056,-72.3768
Adams,31.4829,-91.3535
Sumter,32.0399,-84.197
Gallia,38.8248,-82.3169
Marion,34.0801,-79.3625
Marion,34.1366,-87.8871
Mason,43.9952,-86.25
Carroll,36.7316,-80.7339
Pine,46.1208,-92.7413
Decatur,30.8783,-84.5791
Morgan,40.2626,-103.8097
Ripley,39.1035,-85.2624
Neshoba,32.7535,-89.1176
Ellis,38.9147,-99.3173
Alpena,45.0348,-83.6282
Hancock,40.5219,-80.5739
Fayette,39.5599,-83.4561
Cherokee,35.1339,-84.0635
Garrett,39.5289,-79.2729
Marion,35.1293,-85.6221
Van Wert,40.8554,-84.5861
Sanpete,39.3739,-111.5763
Le Sueur,44.3714,-93.7301
Elmore,43.354,-115.4693
Glenn,39.5981,-122.3919
Stoddard,36.8556,-89.9443
Cass,33.0775,-94.3435
Currituck,36.405,-76.0079
Palo Pinto,32.7532,-98.313
Marion,39.8059,-91.6224
Lincoln,45.3374,-89.7346
Codington,44.9779,-97.1886
Custer,35.6388,-99.0015
Jones,33.0251,-83.5605
Carroll,35.9732,-88.4503
Carroll,36.341,-93.5382
Montgomery,39.231,-89.4789
Monroe,33.0139,-83.9187
Wythe,36.9171,-81.0787
Fredericksburg,38.2992,-77.4872
Dillon,34.3915,-79.3789
Copiah,31.8693,-90.4488
Montgomery,38.0335,-83.9131
Dunklin,36.2721,-90.0909
Wells,40.7293,-85.2212
White,34.6464,-83.7471
Perry,37.2443,-83.2215
Washington,38.6,-86.1053
Hocking,39.4971,-82.4792
Winchester,39.1735,-78.1746
Tate,34.6503,-89.9448
Dinwiddie,37.0759,-77.6323
Peach,32.5688,-83.8269
Logan,40.1245,-89.3675
Grant,32.7389,-108.3824
Randolph,38.7747,-79.8758
Baker,30.3311,-82.2846
Scott,32.4064,-89.5376
Leflore,33.5505,-90.3011
Union,34.4905,-89.0038
Jackson,38.8344,-81.6748
Henderson,35.6542,-88.388
Bradford,29.95,-82.1687
San Jacinto,30.5795,-95.1669
Upson,32.8813,-84.2994
Jennings,38.9969,-85.628
Henry,41.3339,-84.0682
Adams,38.8455,-83.4721
Logan,36.8597,-86.8789
Yazoo,32.7803,-90.3964
Del Norte,41.7431,-123.8972
Orleans,44.829,-72.2436
Fluvanna,37.8419,-78.2773
White,35.9264,-85.4552
West Baton Rouge,30.4636,-91.3127
McDonough,40.4562,-90.6779
Dawson,34.4443,-84.1706
Tillamook,45.4636,-123.7126
San Miguel,35.4805,-104.8158
Cibola,34.9125,-107.9997
Union,34.6895,-81.6191
Pike,39.0773,-83.0668
Iroquois,40.7473,-87.8243
King George,38.2733,-77.1572
Mineral,39.4147,-78.9438
Gillespie,30.3181,-98.9465
Toombs,32.1216,-82.3312
Caddo,35.1744,-98.3751
Woodford,38.0424,-84.7436
Hardin,35.1987,-88.1845
De Soto,32.0554,-93.7373
Carroll,40.5796,-81.0897
Ashe,36.4341,-81.5003
Cass,40.9097,-96.1409
Stephens,34.554,-83.2932
Oceana,43.641,-86.2675
Boone,42.0365,-93.9316
Juneau,43.9246,-90.1138
Lewis,43.7851,-75.4486
Mille Lacs,45.938,-93.6301
Carter,38.3182,-83.0495
Geneva,31.0951,-85.8391
Wasco,45.16,-121.1678
Harlan,36.8569,-83.218
Marlboro,34.602,-79.6786
Grayson,37.4608,-86.3439
Elbert,39.2865,-104.1357
Decatur,39.307,-85.5011
Clay,39.3928,-87.1158
Union,45.3102,-118.0088
Wyoming,41.5184,-76.0164
Edgefield,33.7722,-81.9664
Charlevoix,45.2995,-85.124
Hart,34.3509,-82.9642
Grady,30.8747,-84.2345
Montezuma,37.3386,-108.5966
Taylor,37.3665,-85.3279
Lawrence,44.3586,-103.7923
Lamoille,44.607,-72.6419
Franklin,38.5645,-95.2859
Dickinson,46.0092,-87.8703
Johnson,35.5697,-93.4602
McNairy,35.1755,-88.5636
Simpson,31.9132,-89.9195
Brown,44.2421,-94.7276
Sunflower,33.6023,-90.5886
Montgomery,35.3325,-79.9055
Garvin,34.7046,-97.3093
Russell,36.9339,-82.0954
Cheboygan,45.4463,-84.4999
Benton,42.0802,-92.0657
Plymouth,42.7378,-96.2141
Staunton,38.1593,-79.0611
Payette,44.0068,-116.7608
Hardee,27.4927,-81.81
Butts,33.2879,-83.9572
Hardeman,35.2068,-88.9931
Mason,38.7697,-82.0266
Pottawatomie,39.379,-96.3424
Barton,38.479,-98.7565
Gladwin,43.9907,-84.3883
Morehouse,32.8202,-91.8018
Fannin,34.8641,-84.3198
Churchill,39.5809,-118.3358
Luna,32.1823,-107.7499
Salem,37.2864,-80.0554
Macon,36.532,-86.0073
Lyon,44.4135,-95.839
Iosco,44.3559,-83.6359
Adair,40.1906,-92.6007
Todd,46.0706,-94.8976
Posey,38.0218,-87.8685
Otsego,45.0214,-84.599
Lauderdale,35.7605,-89.6305
Grant,38.6488,-84.6246
Milam,30.7863,-96.9768
Cherokee,34.1759,-85.6038
Manistee,44.333,-86.0568
Washington,30.6106,-85.6653
Bremer,42.7746,-92.3181
Hickman,35.8032,-87.4733
Crook,44.1422,-120.3566
Cleburne,35.5382,-92.0267
Prentiss,34.6183,-88.5201
Routt,40.4852,-106.9913
Goochland,37.7221,-77.9158
Chattooga,34.475,-85.3453
Union,34.8341,-83.9907
Barbour,31.8696,-85.3932
Audrain,39.2157,-91.8416
Cassia,42.2839,-113.6001
Miller,38.2145,-92.4284
Uvalde,29.3573,-99.7622
Texas,37.3173,-91.9651
Jackson,34.588,-99.4148
Teller,38.8824,-105.1617
Yates,42.6335,-77.1055
Somerset,38.1158,-75.7518
Waushara,44.1131,-89.2429
Jefferson,44.6294,-121.1761
Randolph,39.4401,-92.4971
White,40.7498,-86.8655
Nicholas,38.2917,-80.7994
Randolph,40.1576,-85.0114
Fayette,29.8768,-96.9198
Rowan,38.1963,-83.4211
George,30.8626,-88.644
Jerome,42.6899,-114.2639
Scott,38.6851,-85.7475
Abbeville,34.2226,-82.4593
Marion,31.2308,-89.8224
Burke,33.0611,-82.0007
Lincoln,37.4554,-84.6608
Tattnall,32.0458,-82.0581
Blaine,43.4119,-113.9802
Bell,36.7306,-83.6741
Fairfax,38.8531,-77.2998
Shelby,31.7924,-94.145
Aransas,28.1254,-96.9933
Dawson,40.8699,-99.8196
Hood River,45.519,-121.6511
Itawamba,34.28,-88.3613
Upshur,38.8978,-80.2334
Anderson,38.0039,-84.991
Ohio,37.4782,-86.8489
Iowa,43.0005,-90.1354
Page,38.6194,-78.4844
Saline,37.7531,-88.5407
Antrim,44.9991,-85.1402
Winston,34.1492,-87.3737
Grainger,36.2763,-83.5096
Seminole,35.1675,-96.6155
Washington,37.9617,-90.8774
Roscommon,44.3356,-84.6116
Juniata,40.5311,-77.4022
Franklin,34.3754,-83.2291
Mingo,37.7264,-82.1347
Menominee,45.5801,-87.5566
Curry,42.4576,-124.1568
Pacific,46.5556,-123.7039
Fayette,39.64,-85.1788
McDonald,36.6287,-94.3483
Meeker,45.1231,-94.5274
Teton,43.9346,-110.5898
Yankton,43.009,-97.3948
Starke,41.2809,-86.6476
Plaquemines,29.4406,-89.61
New Kent,37.5052,-76.9974
Hampshire,39.3171,-78.6141
Saline,39.1368,-93.2018
Vilas,46.0529,-89.5148
St. Francis,35.022,-90.7478
Ray,39.3523,-93.9899
Clarke,31.6767,-87.8308
Hopewell,37.2915,-77.2985
Crawford,37.9764,-91.3039
Osceola,43.9898,-85.3252
Poinsett,35.574,-90.663
Emanuel,32.5897,-82.3017
Franklin,39.4149,-85.0602
Allen,30.653,-92.828
Klickitat,45.8738,-120.7891
Caswell,36.3932,-79.3335
Columbia,33.2143,-93.2273
Rockbridge,37.8145,-79.4473
Mercer,37.811,-84.8745
Johnson,37.8466,-82.8315
Ouachita,33.5934,-92.8819
Overton,36.345,-85.2881
Panola,32.1624,-94.3056
Washington,41.3356,-91.7179
Sumner,37.2373,-97.4765
Leelanau,44.9385,-85.812
Saunders,41.2264,-96.6374
Asotin,46.1918,-117.203
Brooke,40.2739,-80.5764
Waynesboro,38.0674,-78.9014
Beckham,35.2687,-99.682
Lee,36.7054,-83.1286
Bibb,32.9986,-87.1265
Meigs,39.0822,-82.0228
Limestone,31.5455,-96.5805
Sabine,31.564,-93.5547
Putnam,33.3218,-83.3728
Anson,34.9738,-80.1027
Nobles,43.6742,-95.7534
Grant,31.5997,-92.5595
Randolph,33.2938,-85.4591
Houston,31.3177,-95.4227
Henry,38.3852,-93.7928
Mahaska,41.3352,-92.6409
Martin,35.8432,-77.1092
Seward,37.1933,-100.8513
Jo Daviess,42.3658,-90.2126
Prince Edward,37.2243,-78.4411
Scott,36.4285,-84.5035
Lampasas,31.1962,-98.2415
Wyandot,40.8424,-83.3044
Colusa,39.1775,-122.237
Tippah,34.7684,-88.9089
McDuffie,33.4828,-82.4814
Boone,38.023,-81.7112
Sevier,38.7477,-111.8046
Gage,40.2619,-96.6894
Llano,30.7058,-98.6841
Mitchell,31.2253,-84.1943
Hertford,36.3591,-76.982
Minidoka,42.8543,-113.6375
Stutsman,46.9793,-98.9588
Scott,36.7143,-82.6029
Gaines,32.7408,-102.6352
Hockley,33.6076,-102.3432
Letcher,37.1212,-82.8553
Hubbard,47.1086,-94.9166
Grenada,33.7699,-89.8019
Clark,34.051,-93.1764
Fayette,39.0002,-89.0241
Jersey,39.0855,-90.3565
Wabasha,44.2843,-92.2303
Taylor,30.047,-83.6035
Madison,35.858,-82.7058
Owen,39.3128,-86.8377
Leake,32.7535,-89.524
Dakota,42.3911,-96.5645
Logan,40.7247,-103.1101
Moore,35.8377,-101.893
Newton,32.4002,-89.1188
Gray,35.4012,-100.8126
Coahoma,34.23,-90.6018
Fillmore,43.674,-92.0902
Logan,35.2149,-93.7166
Wyoming,37.6096,-81.5492
Bandera,29.7472,-99.2463
Morgan,38.4237,-92.886
Clinton,39.6018,-94.4046
Texas,36.7479,-101.4901
Nodaway,40.3608,-94.8834
Morgan,36.135,-84.6492
Assumption,29.9024,-91.0608
Union,32.8318,-92.3748
Shelby,39.3911,-88.8055
Perry,38.0837,-89.367
Jackson,44.3192,-90.8052
Fairfield,34.3951,-81.1212
Dodge,44.0226,-92.8621
Washington,41.5311,-96.222
Ogemaw,44.335,-84.1264
Sullivan,39.0888,-87.4147
Conway,35.2624,-92.7014
Allen,36.7513,-86.1904
Jones,42.1212,-91.1315
Adams,43.9696,-89.7704
Carroll,42.0362,-94.8605
Worth,31.5515,-83.8509
Buena Vista,42.7355,-95.1511
Meriwether,33.0406,-84.6883
Barnwell,33.2661,-81.4349
Pointe Coupee,30.7095,-91.6008
Buchanan,42.4708,-91.8379
Greene,38.2976,-78.4669
Hutchinson,35.84,-101.3547
Colorado,29.6208,-96.5263
Kewaunee,44.5161,-87.6153
Adams,46.9834,-118.5606
Uinta,41.2876,-110.5476
Dukes,41.3961,-70.65
Breckinridge,37.7733,-86.4293
Jay,40.438,-85.0057
Henry,40.988,-91.5445
Fulton,41.047,-86.2635
Woodward,36.4227,-99.2651
Lincoln,38.1753,-82.0704
Greene,35.485,-77.6758
Carroll,40.5828,-86.5635
Lavaca,29.3843,-96.9302
Yell,35.0026,-93.4108
Carbon,39.6481,-110.5887
Clay,37.1597,-83.7146
Willacy,26.4693,-97.6632
Crisp,31.9229,-83.7681
Buchanan,37.2666,-82.036
Bourbon,38.2067,-84.2172
Lincoln,33.7453,-105.4593
DeKalb,35.9799,-85.8328
Montague,33.6757,-97.7246
Morgan,33.5908,-83.4924
Lincoln,48.5425,-115.4051
Calhoun,28.5074,-96.6018
Labette,37.1913,-95.2976
St. James,30.027,-90.7931
Winneshiek,43.2907,-91.8437
Hempstead,33.7354,-93.6684
Smith,36.2505,-85.9567
Richland,32.4178,-91.7635
Taylor,45.2116,-90.5012
Dodge,32.1722,-83.1684
Washington,32.9695,-82.7959
Davison,43.6747,-98.146
Tyler,30.7712,-94.3766
Martin,43.6744,-94.5511
Spencer,38.0141,-87.0077
Union,36.2879,-83.8375
DeWitt,29.0821,-97.3567
Pierce,31.3588,-82.2128
Monroe,31.5709,-87.3654
Lincoln,42.2639,-110.656
Duchesne,40.2982,-110.4252
Vernon,37.8506,-94.3424
Orange,38.5418,-86.4951
Wayne,31.6408,-88.6958
Jones,32.7399,-99.8788
Franklin,32.1333,-91.6738
Gonzales,29.4567,-97.4925
Adair,35.8839,-94.6587
Douglas,39.7694,-88.2173
Wayne,36.8013,-84.8286
Plumas,40.0046,-120.8385
Marion,37.5525,-85.2696
Benton,38.2949,-93.2879
Freestone,31.7049,-96.1491
Simpson,36.742,-86.5823
Elbert,34.1168,-82.8401
Chaffee,38.747,-106.1941
Spencer,38.0325,-85.3278
Polk,35.2793,-82.1697
Holmes,30.8679,-85.814
Fayette,42.8626,-91.8444
Langlade,45.2623,-89.0719
Jackson,42.1717,-90.5743
East Feliciana,30.8451,-91.0455
Polk,34.4858,-94.2282
Cherokee,37.1693,-94.8463
Hart,37.2999,-85.8847
Kent,39.2545,-76.04
Los Alamos,35.8693,-106.3073
Gem,44.0615,-116.3975
Macon,32.3859,-85.6926
Perry,38.0797,-86.638
Marengo,32.2477,-87.7895
McIntosh,35.3736,-95.6668
Pike,33.0923,-84.3892
Roosevelt,34.0212,-103.48
Green Lake,43.8004,-89.0449
Beadle,44.4145,-98.2781
Humphreys,36.0408,-87.7756
Greene,33.5788,-83.1667
Ashley,33.1912,-91.7685
Butler,31.7524,-86.6803
Perry,37.7072,-89.8244
Waseca,44.0221,-93.5873
Saluda,34.0061,-81.7268
Pickens,33.2808,-88.0887
McDowell,37.3785,-81.6536
Hampton,32.7763,-81.1407
Adair,37.1042,-85.2806
Tishomingo,34.7404,-88.2393
Inyo,36.5111,-117.4107
Paulding,41.1166,-84.5802
Houston,43.6714,-91.4929
Harrison,38.4418,-84.3314
Warren,36.3965,-78.1067
Crawford,39.0027,-87.7596
Concordia,31.4459,-91.6401
Lamar,33.0765,-84.1395
Fentress,36.3805,-84.9324
Randolph,36.3415,-91.0276
Poweshiek,41.6864,-92.5315
Clay,33.6556,-88.7816
Deaf Smith,34.966,-102.605
Otero,37.9026,-103.7165
Bethel,60.9132,-159.8186
Yancey,35.8989,-82.3076
Ste. Genevieve,37.8945,-90.1944
Dickinson,38.8665,-97.1527
Westmoreland,38.112,-76.8042
Cedar,41.7723,-91.1324
Wright,37.2702,-92.4687
Appling,31.7492,-82.2889
Bosque,31.9004,-97.6343
Jefferson,39.2358,-95.3834
Banks,34.3543,-83.4972
Andrews,32.305,-102.6377
Stone,30.79,-89.1177
Covington,31.6332,-89.5526
Berrien,31.276,-83.2296
Montour,41.0279,-76.6586
Colonial Heights,37.265,-77.3969
Frio,28.8678,-99.1082
Brantley,31.1969,-81.9819
Gilchrist,29.7258,-82.8004
Andrew,39.9835,-94.8021
Benzie,44.6387,-86.0155
Sawyer,45.88,-91.1446
Grant,34.29,-92.4237
Russell,36.9911,-85.0587
Southampton,36.7204,-77.1061
San Juan,48.5776,-122.9654
Madison,30.4441,-83.4701
Johnson,36.4549,-81.8518
Burleson,30.4925,-96.6215
Kalkaska,44.6847,-85.0902
Young,33.1766,-98.6878
Schuyler,42.3938,-76.8752
King William,37.7066,-77.0885
Unicoi,36.1107,-82.4323
Attala,33.0863,-89.5815
Bertie,36.0663,-76.9788
Hughes,44.389,-99.996
Eastland,32.3271,-98.8323
Haywood,35.5832,-89.2838
Winston,33.0885,-89.0344
Pike,39.3438,-91.1714
Dickinson,43.378,-95.1508
Avery,36.0765,-81.9226
Patrick,36.6783,-80.2844
Seward,40.8724,-97.1395
Polk,35.1199,-84.5233
Park,39.1194,-105.7172
Hancock,40.4038,-91.1647
Lee,30.3107,-96.9657
Northampton,36.4178,-77.3969
Delaware,42.4712,-91.3673
Sharp,36.1612,-91.4798
Chester,35.4218,-88.6134
Pitkin,39.2171,-106.9166
Park,45.4884,-110.5267
Drew,33.5894,-91.72
Henry,31.5147,-85.2414
Humboldt,41.4068,-118.112
Richland,43.3756,-90.4295
Cook,31.154,-83.4305
Morgan,39.5604,-78.2578
Garrard,37.6396,-84.5377
Ben Hill,31.7598,-83.2205
Franklin,35.5124,-93.8906
Dallas,37.6804,-93.0237
Mariposa,37.5815,-119.9054
Clayton,42.8447,-91.3414
Manassas Park,38.7709,-77.4429
Union,37.4713,-89.2551
Mason,38.5952,-83.8242
Bristol,36.618,-82.1605
Arkansas,34.2892,-91.3742
Chickasaw,33.9208,-88.9479
Gunnison,38.6667,-107.0316
Tama,42.0798,-92.5326
Falls,31.2533,-96.9359
Piscataquis,45.8373,-69.2846
Lewis,38.9959,-80.5022
Rabun,34.8818,-83.402
Robertson,31.027,-96.5129
Marion,36.2684,-92.6842
Cooper,38.8435,-92.8101
McCreary,36.7371,-84.4842
Scurry,32.7463,-100.9164
Buckingham,37.5722,-78.5288
Hardin,42.3839,-93.2404
Edgar,39.6786,-87.7456
Holmes,33.1235,-90.0921
Cross,35.2957,-90.7711
Long,31.7526,-81.7458
Idaho,45.8441,-115.4675
Jackson,35.5992,-91.2145
Warren,40.8488,-90.615
Bond,38.8868,-89.4355
Dixie,29.6086,-83.1587
Madison,36.011,-93.7246
Lafayette,42.6605,-90.1317
Rush,39.62,-85.4658
Giles,37.3142,-80.7029
Union,42.8325,-96.656
Piatt,40.0103,-88.5911
Baker,44.7092,-117.6753
Washburn,45.8992,-91.7912
La Paz,33.7294,-113.9815
Madison,41.3307,-94.0155
Taylor,39.336,-80.0462
Iowa,41.6863,-92.0655
Burnett,45.8627,-92.3676
Lee,34.1633,-80.2545
Richland,46.2646,-96.9483
Fountain,40.1209,-87.242
Alamosa,37.5729,-105.7883
Socorro,34.0072,-106.9303
Crawford,42.0372,-95.382
Clay,43.0826,-95.1509
Potter,41.7449,-77.8958
Radford,37.1229,-80.5587
Phillips,34.4274,-90.8489
New Madrid,36.5946,-89.6517
Parke,39.7736,-87.2064
Wayne,35.2399,-87.7881
Jasper,32.0191,-89.1189
Atchison,39.5317,-95.3135
Fayette,33.7212,-87.7389
Brooks,30.842,-83.5802
Lawrence,36.0412,-91.107
Appomattox,37.3723,-78.8126
Dade,34.8546,-85.5044
Hill,48.6282,-110.1112
Lawrence,38.0679,-82.7348
Bayfield,46.5237,-91.2009
Rockcastle,37.3652,-84.316
Kanabec,45.9452,-93.2934
Wayne,38.4296,-88.4256
Crawford,43.2395,-90.931
Bates,38.2573,-94.34
Sequatchie,35.3712,-85.4106
Ashland,46.3149,-90.678
Otoe,40.6485,-96.1348
Brunswick,36.7648,-77.859
Casey,37.3223,-84.9283
Benton,36.0698,-88.0683
Leon,31.2965,-95.9957
Sevier,33.9972,-94.2412
Van Buren,35.5806,-92.5158
Trinity,40.6507,-123.1126
Aitkin,46.6082,-93.4155
Neosho,37.5585,-95.3068
Osage,38.6523,-95.7269
Jefferson,41.0318,-91.9489
Henry,38.4485,-85.1189
Grand,40.1026,-106.1183
Richland,38.7124,-88.0851
Mercer,41.2053,-90.7414
Pawnee,36.3169,-96.6992
Nottoway,37.143,-78.0512
Marquette,43.8196,-89.3987
Floyd,43.0599,-92.789
Carroll,42.0687,-89.9343
Jefferson,33.0549,-82.4182
Pemiscot,36.2114,-89.7854
Clarke,32.0414,-88.6894
De Witt,40.1746,-88.9041
Floyd,36.9316,-80.3625
Barbour,39.133,-80.003
Union,30.0439,-82.3714
Gooding,42.971,-114.8115
Brown,39.1962,-86.2274
Marshall,34.0245,-96.7691
Vermillion,39.8538,-87.464
Williamsburg,37.2693,-76.7076
Clark,39.3336,-87.7877
Washington,31.4076,-88.2079
Redwood,44.4037,-95.2538
Moniteau,38.6328,-92.5831
West Feliciana,30.8798,-91.42
Grayson,36.6565,-81.2249
Tipton,40.3113,-86.0519
Lawrence,38.72,-87.7268
Roseau,48.7751,-95.8108
Kingfisher,35.9454,-97.9421
Page,40.7391,-95.1502
Torrance,34.6405,-105.8508
Macon,39.8308,-92.5646
Alleghany,37.7878,-80.0062
Cleburne,33.6745,-85.5188
Pecos,30.781,-102.7235
Fleming,38.3701,-83.6966
Jackson,32.302,-92.5578
Missaukee,44.3374,-85.0947
Arenac,44.0655,-83.8952
Jackson,28.9542,-96.5776
Gulf,29.9565,-85.2263
Mitchell,36.0133,-82.1636
Hamilton,42.3838,-93.7068
Oglethorpe,33.8807,-83.0807
Clay,42.9146,-96.9756
Sibley,44.5795,-94.2321
Larue,37.5458,-85.6979
Jasper,33.3164,-83.6881
Clarke,39.1123,-77.9967
Bledsoe,35.5964,-85.2051
Karnes,28.9057,-97.8594
Gasconade,38.4409,-91.5079
Jeff Davis,31.8056,-82.6368
Pike,39.6225,-90.8863
Nelson,37.7874,-78.8868
LaSalle,31.6769,-92.1605
Hale,32.7627,-87.6291
Kossuth,43.2041,-94.2067
Renville,44.7268,-94.9471
Nolan,32.3035,-100.406
Pendleton,38.6956,-84.3603
Harrison,41.6829,-95.8168
Carbon,41.6945,-106.9306
Mills,41.0334,-95.6213
Gogebic,46.4087,-89.6943
Falls Church,38.8847,-77.1751
Fulton,39.9254,-78.1127
Clay,36.3682,-90.4176
Moultrie,39.6415,-88.6193
Harrison,40.2938,-81.0911
San Juan,37.626,-109.8046
Dent,37.6066,-91.5079
Cannon,35.8087,-86.0617
Jefferson,30.4375,-83.8953
Wetzel,39.6053,-80.6391
Las Animas,37.3158,-104.0386
Bourbon,37.8552,-94.8493
Livingston,39.7821,-93.5483
Franklin,42.1811,-111.8132
Butler,42.7316,-92.7902
Cedar,37.7238,-93.8566
Smith,32.0177,-89.5067
Choctaw,34.0266,-95.5522
Knott,37.354,-82.9541
Saline,40.5241,-97.1409
Hardy,39.0075,-78.858
Noble,39.766,-81.4555
York,40.8727,-97.5971
Clay,33.269,-85.8605
Claiborne,32.8227,-92.9958
Rusk,45.4751,-91.1332
Trigg,36.8064,-87.8733
Calhoun,33.6749,-80.7803
Craig,36.7617,-95.2085
O'Brien,43.0838,-95.6249
Estill,37.6924,-83.9643
Massac,37.2189,-88.7076
Swain,35.4868,-83.4928
Atoka,34.3737,-96.0378
Wadena,46.5858,-94.9694
Dickenson,37.1258,-82.3504
McKenzie,47.7402,-103.3953
Price,45.6804,-90.3614
Nantucket,41.2831,-70.0692
Allamakee,43.2843,-91.3781
Roane,38.714,-81.3483
Screven,32.7506,-81.612
Reeves,31.323,-103.693
Pennington,48.0662,-96.0367
Crockett,35.8135,-89.1395
Faribault,43.6739,-93.948
Ketchikan Gateway,55.5852,-130.9282
Zapata,27.0008,-99.1686
Walthall,31.1484,-90.1061
Lamar,33.7791,-88.097
Callahan,32.2976,-99.3735
Morgan,39.6204,-81.8527
Morgan,37.9223,-83.2589
Murray,34.4823,-97.0679
Chowan,36.1508,-76.6079
White,38.0875,-88.1796
Newton,40.9558,-87.3976
Madison,38.4137,-78.2792
Washington,38.3522,-89.4105
Glacier,48.7051,-112.9947
Calhoun,30.406,-85.1972
Izard,36.0949,-91.9134
Trinity,31.0888,-95.1355
Converse,42.9723,-105.5072
Stewart,36.5012,-87.8384
Oglala Lakota,43.3355,-102.5516
Greene,31.2142,-88.6392
Winn,31.9442,-92.6369
Comanche,31.948,-98.5582
Breathitt,37.5216,-83.3241
Pend Oreille,48.5323,-117.274
Madison,30.9655,-95.9284
Grundy,35.3884,-85.7226
Martinsville,36.6827,-79.8636
Fremont,44.2288,-111.4819
Archuleta,37.1935,-107.0483
Union,37.6584,-87.9454
Hamilton,30.4964,-82.9479
Ford,40.5972,-88.2233
Hughes,35.0484,-96.2502
Monroe,39.7274,-81.0829
Shoshone,47.3529,-115.8924
Osage,38.4604,-91.8618
Buffalo,44.3798,-91.7545
Johnson,37.4597,-88.8809
Bamberg,33.2148,-81.0543
Amelia,37.336,-77.9761
Jackson,39.4168,-95.7937
Clay,38.7542,-88.4902
Moffat,40.6184,-108.2074
Mono,37.9391,-118.8868
Crenshaw,31.7315,-86.3136
Crawford,44.6837,-84.6103
Calhoun,33.9365,-89.3365
Cass,41.3315,-94.9278
Big Horn,45.4234,-107.4898
Powell,37.8311,-83.8237
Presque Isle,45.3401,-83.918
Mason,40.2396,-89.9168
Kodiak Island,57.6791,-153.7992
Lewis,38.5315,-83.378
Perquimans,36.2059,-76.4411
Millard,39.0733,-113.1008
Lamb,34.0686,-102.3517
Lincoln,33.957,-91.7344
Jackson,37.4198,-84.0058
Bienville,32.3473,-93.0561
Cass,39.9735,-90.2474
Webster,37.5184,-87.6832
Wright,42.7331,-93.7352
Meigs,35.5129,-84.8133
Wilbarger,34.0808,-99.241
Vinton,39.251,-82.4853
Howard,34.0889,-93.9936
Bath,38.145,-83.7427
Amite,31.1744,-90.8044
Choctaw,32.0198,-88.2632
Madison,37.478,-90.345
Lewis,35.5273,-87.4931
Caldwell,37.1454,-87.8679
Tallahatchie,33.9505,-90.1733
Telfair,31.9298,-82.939
Sanders,47.6748,-115.1333
Goshen,42.0879,-104.3533
Allen,37.8857,-95.3014
Charlton,30.7817,-82.138
Towns,34.9167,-83.7373
Camp,32.9732,-94.9785
Braxton,38.6999,-80.7193
Yalobusha,34.0282,-89.7076
Pulaski,41.0419,-86.6988
Poquoson,37.1309,-76.3569
Chippewa,45.0223,-95.5667
Monroe,37.5604,-80.5505
Bleckley,32.4345,-83.3278
Stone,35.8599,-92.1568
Colfax,36.6061,-104.6468
Morgan,41.0893,-111.5732
Butler,37.2073,-86.6816
Grundy,42.4019,-92.7914
Dawson,32.7426,-101.9476
Boundary,48.7669,-116.4629
Newton,30.7863,-93.7448
Pamlico,35.1434,-76.7407
Mississippi,36.8281,-89.2911
Rolette,48.7724,-99.8409
Lake,43.9901,-85.8016
Menard,40.0274,-89.8022
Todd,36.8357,-87.1792
Appanoose,40.7432,-92.8686
Franklin,29.8766,-84.8137
Jefferson,46.1485,-112.0938
Rains,32.8704,-95.7934
Pike,38.3988,-87.2322
Sumter,32.5911,-88.1988
Fulton,36.3817,-91.8182
Edmonson,37.2088,-86.2384
Glades,26.9564,-81.189
Crawford,32.7145,-83.9863
Morrow,45.419,-119.5844
Northampton,37.344,-75.8772
Skamania,46.023,-121.9147
Union,41.0277,-94.2424
Macon,32.3584,-84.0425
Blackford,40.4737,-85.3248
Koochiching,48.2453,-93.7834
Owyhee,42.5814,-116.1699
Washington,37.7534,-85.1748
Little River,33.7009,-94.2352
Lyon,43.3805,-96.2102
Greene,39.3562,-90.3905
Northumberland,37.8873,-76.4195
Morris,33.1135,-94.7326
Lunenburg,36.9462,-78.2406
Summers,37.6559,-80.8586
Prowers,37.9552,-102.3934
Chickasaw,43.0601,-92.3177
Custer,46.2527,-105.5717
Juab,39.7027,-112.7848
Lawrence,31.5502,-90.107
Linn,39.8702,-93.1072
Marion,38.3589,-97.0969
DeKalb,39.8932,-94.4047
Valley,44.7666,-115.5663
Terry,33.1738,-102.3352
Teton,43.7594,-111.2076
Douglas,36.9326,-92.4988
Marshall,41.0332,-89.3448
Shelby,41.6851,-95.3102
Jackson,36.3592,-85.6732
Big Horn,44.5267,-107.9952
Barton,37.5023,-94.3471
Haskell,35.2248,-95.1166
Magoffin,37.7065,-83.0649
Red River,33.6207,-95.0503
Ramsey,48.2689,-98.7201
Blanco,30.2664,-98.3999
Cherokee,42.7356,-95.6238
Trousdale,36.3921,-86.1568
Iron,46.2087,-88.5305
Conecuh,31.4293,-86.9937
Charlotte,37.0116,-78.6616
Perry,31.172,-88.9924
Sierra,33.1305,-107.1924
Fergus,47.2636,-109.2245
Heard,33.297,-85.1283
Decatur,35.603,-88.1088
Cottonwood,44.0071,-95.1812
Rio Grande,37.5825,-106.3832
Montgomery,38.9415,-91.4702
Live Oak,28.3514,-98.1248
Greensville,36.6759,-77.5596
Richland,47.7879,-104.5614
Okfuskee,35.4655,-96.3228
Ward,31.5095,-103.1025
Monroe,36.7122,-85.7165
Wabash,38.4461,-87.8443
Pope,45.586,-95.4445
Martin,37.8016,-82.5132
Jefferson Davis,31.5697,-89.823
Desha,33.8309,-91.2551
Dooly,32.1572,-83.7988
Owen,38.5197,-84.8281
Lake,44.0221,-97.1294
Watonwan,43.9784,-94.6141
Green,37.264,-85.5531
Clay,35.0572,-83.7502
McIntosh,31.4963,-81.4103
Bacon,31.5537,-82.4527
Wayne,37.1126,-90.4614
Washington,35.8225,-76.5775
Lincoln,47.5763,-118.4187
Grant,39.1051,-79.1956
Alleghany,36.4916,-81.1271
Noble,36.3886,-97.2305
Candler,32.4034,-82.0737
Washita,35.2904,-98.9922
North Slope,69.3119,-153.4813
Lake,47.6411,-91.4458
St. Helena,30.8219,-90.7103
Lancaster,37.7345,-76.4632
Sussex,36.9218,-77.2618
Pushmataha,34.4162,-95.3759
Mackinac,46.0805,-85.0872
Carroll,38.6678,-85.1236
Ripley,36.6528,-90.8638
Barnes,46.9361,-98.0716
Louisa,41.2185,-91.2596
Roosevelt,48.2945,-105.0164
Hancock,43.0819,-93.7343
Box Butte,42.2198,-103.0857
Evans,32.1568,-81.8869
Early,31.3228,-84.9036
Middlesex,37.6303,-76.5698
Winnebago,43.3776,-93.7342
Red Willow,40.1758,-100.4769
Bollinger,37.3222,-90.0259
Carbon,45.2274,-109.0281
Guthrie,41.6837,-94.5011
Washington,44.4524,-116.7847
Essex,37.9428,-76.9519
Custer,41.3943,-99.7262
Colfax,41.574,-97.0865
Walsh,48.3695,-97.7213
Camden,36.3891,-76.208
Mitchell,43.3564,-92.789
Crawford,38.2924,-86.4517
Gates,36.4449,-76.7005
Leslie,37.0941,-83.3811
Bradley,33.4664,-92.1624
Cumberland,39.2733,-88.2402
Franklin,33.1755,-95.2184
Wilcox,31.9893,-87.3082
Johnston,34.3165,-96.6606
Butte,44.9058,-103.5079
Ralls,39.5277,-91.522
Coosa,32.9362,-86.2477
Bullock,32.1005,-85.7157
Metcalfe,36.9905,-85.6292
Clay,33.7855,-98.2085
Montgomery,41.0301,-95.1564
Noxubee,33.1102,-88.5698
Roberts,45.6296,-96.9461
Alcona,44.6854,-83.5938
Chicot,33.267,-91.2937
Nemaha,39.7834,-96.0141
Pike,34.1635,-93.6564
Love,33.9499,-97.2441
Lowndes,32.1547,-86.6501
Holt,42.4557,-98.7838
Howard,39.1425,-92.6963
Perry,34.9475,-92.9313
Madison,32.3644,-91.2427
Keokuk,41.3365,-92.1786
Nome,64.9111,-164.0274
Franklin,42.7325,-93.2625
Marshall,39.7836,-96.5229
Jackson,43.6742,-95.1541
Lewis,40.0969,-91.7221
Sabine,31.3432,-93.8518
Lanier,31.0379,-83.0628
Duval,27.6814,-98.5089
Webster,33.6131,-89.2848
Yuma,40.0029,-102.4243
Carroll,33.4485,-89.9202
Ochiltree,36.2784,-100.8157
Emery,38.9967,-110.7006
Switzerland,38.8262,-85.037
Calhoun,42.3852,-94.6404
Pulaski,32.2323,-83.476
Grundy,40.1139,-93.5654
Scott,34.8607,-94.0632
Martin,38.708,-86.8031
Runnels,31.8311,-99.9762
Parmer,34.5301,-102.7845
Swift,45.2827,-95.6815
Montgomery,33.494,-89.6164
West Carroll,32.7885,-91.4568
Tunica,34.6507,-90.375
McLean,47.6069,-101.3218
Sac,42.3862,-95.1054
Clarke,41.029,-93.7852
Benewah,47.2175,-116.6587
Wayne,42.2093,-97.1193
Zavala,28.8662,-99.7605
Cumberland,37.5121,-78.245
Linn,38.2123,-94.843
Stevens,45.5861,-96.0003
Grand,38.982,-109.5698
Marion,32.798,-94.3572
Rock,43.6747,-96.2532
Caldwell,32.0925,-92.1166
Mountrail,48.2013,-102.3557
McCormick,33.8995,-82.31
Wilkes,33.7819,-82.7432
Humboldt,42.7765,-94.2072
Yellow Medicine,44.7162,-95.8684
Iron,37.5552,-90.7735
Latimer,34.876,-95.2504
Cheyenne,41.2198,-102.995
Irwin,31.6022,-83.2764
Brown,39.8265,-95.5642
Greenlee,33.2152,-109.2402
Howard,43.3568,-92.3172
Beaverhead,45.1327,-112.8988
Nowata,36.7985,-95.6174
Brewster,29.8119,-103.2517
Rice,38.3472,-98.201
Deer Lodge,46.0608,-113.0678
Clear Creek,39.6891,-105.6444
Chattahoochee,32.347,-84.787
Hamilton,40.873,-98.0229
Pipestone,44.023,-96.2587
Todd,43.1934,-100.7184
Emmet,43.3781,-94.6785
Somervell,32.2222,-97.7746
St. Clair,38.0372,-93.776
Charles Mix,43.2079,-98.5879
Clinton,36.7274,-85.1362
Jasper,39.0101,-88.1538
Jones,35.0217,-77.3552
Montmorency,45.0276,-84.1272
Stephens,32.7359,-98.8362
Forest,45.6673,-88.7704
Johnson,32.7015,-82.6601
Pratt,37.6477,-98.7396
McLean,37.5292,-87.2636
Seminole,30.9388,-84.8688
Davis,40.7477,-92.4097
Hancock,37.8415,-86.7779
Claiborne,31.9737,-90.9118
Marshall,48.3581,-96.3685
Cloud,39.4803,-97.6493
Terrell,31.777,-84.437
Cuming,41.9164,-96.7874
White Pine,39.4421,-114.9017
Livingston,37.2096,-88.3537
Kemper,32.7546,-88.6412
Crittenden,37.3527,-88.0972
Stillwater,45.669,-109.3952
Richmond,37.9426,-76.7252
Phelps,40.5111,-99.4145
Mitchell,32.3062,-100.9211
Palo Alto,43.0821,-94.6781
Dawson,47.2664,-104.8995
Catahoula,31.6662,-91.847
Turner,31.7164,-83.6241
Caldwell,39.6557,-93.9827
Alger,46.4086,-86.604
Wilkinson,32.8024,-83.1712
Wilcox,31.9729,-83.4323
Clearwater,46.6736,-115.6567
Sublette,42.7669,-109.9147
Greene,42.0363,-94.3968
Oregon,36.6866,-91.4033
Madison,45.3007,-111.9203
Lyon,37.0191,-88.0832
Gallatin,38.7569,-84.8593
Benton,40.6063,-87.3109
Jenkins,32.7924,-81.9635
Ozark,36.6493,-92.4447
Montgomery,32.1734,-82.5348
Turner,43.3109,-97.1487
Dimmit,28.4225,-99.7566
Monona,42.0516,-95.9599
Monroe,39.4954,-92.0007
Wilson,37.5593,-95.7434
Lucas,41.0294,-93.3277
Lee,34.7805,-90.7808
Blaine,35.8752,-98.4334
Woods,36.7669,-98.8651
Modoc,41.5898,-120.725
Archer,33.6153,-98.6877
Quay,35.1043,-103.5498
Platte,42.133,-104.9659
Hancock,33.2704,-83.0007
Jack,33.2335,-98.1725
Montgomery,34.5389,-93.6596
Clearwater,47.5777,-95.379
Mathews,37.4353,-76.3438
Johnson,44.0388,-106.5847
Wilkinson,31.1611,-91.3109
Custer,43.6776,-103.4515
Carroll,39.427,-93.5052
Trimble,38.613,-85.3375
Ritchie,39.1783,-81.063
Perry,32.6385,-87.2944
Sitka,57.2424,-135.3145
Warren,40.3469,-87.3533
Maries,38.1616,-91.9249
Hickory,37.9408,-93.3207
Kiowa,34.9164,-98.9809
Perry,35.6426,-87.859
Bracken,38.6888,-84.0901
Daviess,39.9608,-93.9855
Knox,42.6368,-97.8919
Cedar,42.5993,-97.2524
Butler,41.2261,-97.1318
Kusilvak,62.1547,-163.3812
Mercer,47.3092,-101.8315
Webster,38.4947,-80.4219
Tyler,39.4653,-80.8848
Coffey,38.2369,-95.7341
Rosebud,46.2297,-106.7307
Keith,41.1989,-101.6615
Nevada,33.664,-93.3072
Dawes,42.7197,-103.1354
Atkinson,31.2971,-82.88
Oscoda,44.6818,-84.1298
Houston,36.286,-87.7171
Baraga,46.6626,-88.3652
Hamilton,31.7048,-98.1107
Prairie,34.8298,-91.5528
Choctaw,33.3473,-89.2484
Lake,42.7935,-120.3874
Franklin,36.6831,-76.9386
Harrison,40.3547,-93.992
Murray,44.0221,-95.7633
Lafayette,29.9855,-83.1811
Clay,39.3497,-97.1652
San Miguel,38.0038,-108.4057
Allendale,32.9881,-81.3582
Schoolcraft,46.1966,-86.1996
Clay,38.4625,-81.0751
Graham,35.3502,-83.8335
Lemhi,44.9433,-113.9333
Hamilton,38.0816,-88.5391
Traill,47.4542,-97.1616
Twiggs,32.6672,-83.4271
Pocahontas,38.3318,-80.0078
San Augustine,31.3942,-94.1682
Power,42.6937,-112.8407
Thomas,39.3509,-101.0556
Searcy,35.911,-92.6995
Richardson,40.125,-95.7175
Doddridge,39.2692,-80.707
Kane,37.2851,-111.8879
Boise,43.9891,-115.7303
Coleman,31.7732,-99.4536
Taylor,32.5555,-84.2505
Anderson,38.2142,-95.2933
Humphreys,33.1287,-90.5266
Ballard,37.0585,-88.9995
Lincoln,33.7936,-82.4512
Washakie,43.905,-107.6828
Greene,32.8531,-87.9522
Liberty,30.2414,-84.8829
Franklin,31.4772,-90.8979
Decatur,40.7377,-93.7863
Northwest Arctic,67.0598,-159.7062
Major,36.3116,-98.5359
Merrick,41.169,-98.038
McCulloch,31.1989,-99.3475
Benton,34.8173,-89.1885
Red River,32.0931,-93.3398
Yoakum,33.173,-102.8278
Pleasants,39.371,-81.1606
Nicholas,38.3356,-84.0153
Dade,37.432,-93.8503
Clay,36.5511,-85.5439
Winkler,31.8501,-103.0483
Monroe,41.0298,-92.869
Conejos,37.2007,-106.1916
Valley,48.3653,-106.6675
Wheeler,32.117,-82.7246
Cleveland,33.8984,-92.1852
Grant,45.1719,-96.7677
Marion,32.3535,-84.5246
Doniphan,39.7881,-95.1468
Harney,43.0641,-118.968
Adair,41.3307,-94.471
Gilmer,38.9241,-80.8571
Wallowa,45.5799,-117.181
Rappahannock,38.6848,-78.1592
Worth,43.3774,-93.2608
Chariton,39.5151,-92.9626
Lake,39.2025,-106.3448
Hutchinson,43.3349,-97.7544
Castro,34.5299,-102.2617
Elliott,38.1179,-83.0976
East Carroll,32.7325,-91.235
Kingman,37.5589,-98.1363
Pepin,44.5829,-92.0015
Lexington,37.7825,-79.444
Lee,37.5948,-83.7162
Grant,37.5623,-101.308
Grand Isle,44.7981,-73.2948
Pierce,42.2644,-97.6013
Ferry,48.4703,-118.5166
Crook,44.5885,-104.5699
Newton,35.92,-93.2179
Grant,44.4915,-119.0073
Van Buren,40.7532,-91.95
Jefferson,31.7342,-91.0373
Jefferson,40.1757,-97.1427
Dallam,36.2779,-102.6022
Shannon,37.1574,-91.4005
Beaver,38.3569,-113.2355
Goliad,28.6571,-97.4264
Fall River,43.2394,-103.5275
Pocahontas,42.7342,-94.6787
Brooks,27.0316,-98.2187
Caribou,42.7705,-111.5623
Union,39.6256,-84.9251
Kit Carson,39.3055,-102.603
Blaine,48.4327,-108.9586
Nemaha,40.3877,-95.8498
Bon Homme,42.9885,-97.8846
Tillman,34.3728,-98.9242
Chugach,60.7234,-145.7714
Powell,46.8564,-112.9361
Swisher,34.5304,-101.735
Broadwater,46.3324,-111.4955
Ida,42.3869,-95.5135
La Salle,28.3452,-99.0996
Forest,41.513,-79.236
Wabaunsee,38.9533,-96.205
Bailey,34.0686,-102.8299
Lake,36.3352,-89.4935
Huerfano,37.6847,-104.9606
Southeast Fairbanks,63.8762,-143.213
Schuyler,40.158,-90.6151
Weston,43.8404,-104.5676
Pembina,48.7675,-97.5518
Monroe,34.6778,-91.2039
Childress,34.5291,-100.2076
Charles City,37.3567,-77.0622
Tucker,39.1136,-79.565
Lac qui Parle,44.9955,-96.1735
Hancock,36.5236,-83.2219
Refugio,28.3253,-97.1656
Burt,41.8515,-96.3286
Thurston,42.1582,-96.544
Clinch,30.915,-82.7063
Russell,38.9148,-98.7624
Clark,40.4103,-91.7384
Galax,36.666,-80.9176
King and Queen,37.7186,-76.8953
Kearney,40.5067,-98.948
Fremont,40.7456,-95.6047
Buena Vista,37.7319,-79.3569
Pershing,40.4404,-118.4044
Wolfe,37.7393,-83.4932
Moore,35.2846,-86.3587
Surry,37.1098,-76.9002
Rio Blanco,39.9798,-108.217
Wayne,40.7395,-93.3274
Fulton,36.554,-89.1873
Howard,41.2201,-98.5171
Dallas,33.9699,-92.6544
Norman,47.3265,-96.4553
Wilkin,46.357,-96.4683
Saguache,38.0805,-106.2815
Bear Lake,42.2848,-111.3297
Treutlen,32.4039,-82.5673
Bottineau,48.7922,-100.8333
Ellsworth,38.6966,-98.2048
Henderson,40.8181,-90.9251
Randolph,31.7627,-84.7542
Spink,44.938,-98.3462
Moody,44.022,-96.6709
Brown,39.9618,-90.7504
Antelope,42.1769,-98.0667
Pawnee,38.1813,-99.2367
Calhoun,38.8445,-81.1176
Lafayette,33.2416,-93.607
Woodruff,35.1863,-91.2431
Bland,37.134,-81.1302
Teton,47.8371,-112.2408
Gentry,40.2121,-94.4099
Hamlin,44.6738,-97.1883
Edwards,38.4165,-88.0533
Van Buren,35.696,-85.4526
Menifee,37.9414,-83.5989
Presidio,29.9998,-104.2405
Pendleton,38.6807,-79.3509
Osceola,43.3786,-95.6237
Iron,46.2623,-90.242
Quitman,34.2514,-90.2891
Reynolds,37.3623,-90.9691
Grant,45.9341,-96.0122
Clay,40.5244,-98.0513
Shelby,39.7978,-92.0766
Greenwood,37.8778,-96.2326
Pondera,48.2278,-112.2263
Sullivan,40.2106,-93.1115
Essex,44.7275,-71.7359
Ohio,38.9501,-84.9652
Cumberland,36.7866,-85.3885
Benson,48.0694,-99.366
Sherman,39.3514,-101.72
Miller,31.164,-84.7308
Taylor,40.7374,-94.6964
Chouteau,47.8806,-110.4353
Sullivan,41.4462,-76.5122
Ontonagon,46.6644,-89.3148
Gilpin,39.8575,-105.5226
Mitchell,39.3933,-98.2094
Stanton,41.9169,-97.1939
Carson,35.4035,-101.3542
Prince of Wales-Hyder,55.8011,-133.0167
Talbot,32.6995,-84.533
Crowley,38.3266,-103.7845
San Saba,31.1552,-98.8176
Ottawa,39.1325,-97.6502
Garza,33.1799,-101.2984
Lander,39.9337,-117.038
Covington,37.7785,-79.9868
Gray,37.7382,-100.4379
McCook,43.6743,-97.3684
Alfalfa,36.731,-98.324
Emporia,36.6953,-77.5356
Ransom,46.4562,-97.6574
Audubon,41.6846,-94.9058
Lincoln,44.4126,-96.2671
Putnam,41.2045,-89.2858
Lynn,33.1768,-101.8161
Cook,47.9026,-90.5354
Tripp,43.3459,-99.8839
Calhoun,31.5292,-84.6245
Lincoln,38.9881,-103.514
Dixon,42.4931,-96.8677
Bent,37.9551,-103.0717
Fillmore,40.5247,-97.5965
Cotton,34.2902,-98.3722
Greer,34.9357,-99.5608
Washington,39.7842,-97.0875
Day,45.3671,-97.6074
Cherry,42.545,-101.1186
Harper,37.1916,-98.0755
Cameron,29.8754,-93.1937
Luce,46.4706,-85.5444
Norton,39.7844,-99.9035
Jefferson,34.111,-97.8358
Haskell,33.1782,-99.7303
Boone,41.7068,-98.0672
Stark,41.0934,-89.7975
Mahnomen,47.3253,-95.8091
Floyd,34.0724,-101.3032
Morris,38.6874,-96.6499
Hartley,35.84,-102.6029
Yukon-Koyukuk,65.5087,-151.3896
McHenry,48.2346,-100.6363
Walworth,45.4299,-100.0315
Carter,36.9412,-90.9623
Johnson,40.3926,-96.2651
Coal,34.5882,-96.2978
Delta,33.3863,-95.6723
Dewey,45.1566,-100.8718
Stevens,37.1923,-101.3121
Hansford,36.2774,-101.3546
Atchison,40.4308,-95.4281
Alexander,37.1915,-89.3375
Brule,43.7181,-99.0809
Martin,32.306,-101.9513
Aleutians West,52.7985,-106.5633
Lincoln,43.0024,-114.1383
Wirt,39.0225,-81.3787
Warren,33.4089,-82.6768
Polk,41.1869,-97.5684
Pulaski,37.2232,-89.1266
Kingsbury,44.3696,-97.4915
Big Stone,45.4261,-96.411
Crosby,33.6147,-101.3
Scott,38.4822,-100.9069
Garfield,37.8549,-111.4432
Stewart,32.0785,-84.8352
Sheridan,42.5047,-102.4089
Hamilton,43.6611,-74.4974
Beaver,36.7497,-100.4768
Pickett,36.5584,-85.0749
Toole,48.6554,-111.6956
Thayer,40.1762,-97.5949
Dickey,46.1102,-98.5047
Wheeler,35.4012,-100.2698
Gallatin,37.7628,-88.2305
Phillips,39.7846,-99.347
Ouray,38.1555,-107.7693
Rooks,39.3502,-99.325
Musselshell,46.4966,-108.3981
Scott,39.6441,-90.4747
Craig,37.4817,-80.2115
Custer,38.1087,-105.3675
Dillingham,59.8003,-158.2346
Jim Hogg,27.0434,-98.6973
Washington,39.971,-103.2012
Carlisle,36.8532,-88.971
Calhoun,33.5581,-92.503
Scotland,40.4526,-92.1471
Putnam,40.4789,-93.0162
Ringgold,40.7352,-94.244
Republic,39.8278,-97.6506
Mineral,47.1472,-114.9983
Hyde,35.5306,-76.2517
Crane,31.4286,-102.5156
Furnas,40.1764,-99.9123
Hot Springs,43.7189,-108.4422
Florence,45.8485,-88.3981
Oneida,42.195,-112.5394
Mineral,38.5386,-118.4349
Schley,32.2616,-84.3147
Morrill,41.716,-103.0105
Cameron,41.4367,-78.204
Lincoln,37.6433,-114.8775
Dewey,35.9876,-99.0079
Mills,31.4952,-98.5954
Phillips,40.594,-102.3576
Hickman,36.6781,-88.9762
Wahkiakum,46.2918,-123.4244
Calhoun,39.1693,-90.6676
Adams,44.8896,-116.4538
Guadalupe,34.8633,-104.7906
Marshall,45.7586,-97.5986
Custer,44.2411,-114.2817
Kimble,30.4868,-99.7487
Deuel,44.76,-96.668
Menominee,45.0044,-88.71
Holt,40.0944,-95.2155
Phillips,48.2592,-107.9133
Mora,36.0105,-104.945
Kittson,48.7766,-96.7829
Bath,38.0587,-79.7411
Hidalgo,31.914,-108.7148
Grant,36.7961,-97.7861
LaMoure,46.4569,-98.5355
Tensas,32.0018,-91.3401
Storey,39.447,-119.5293
Nuckolls,40.1764,-98.0472
Barber,37.2289,-98.6848
Union,36.4816,-103.471
Schuyler,40.4703,-92.521
Owsley,37.4192,-83.6831
Stafford,38.031,-98.7174
Valley,41.5673,-98.9819
Dunn,47.3568,-102.6182
Meade,37.2382,-100.3662
Edmunds,45.4188,-99.2153
Pierce,48.2496,-99.9718
Wells,47.5875,-99.6609
Gregory,43.1924,-99.1856
Columbia,46.2975,-117.9078
Kearny,38.0003,-101.3199
Mason,30.7177,-99.2261
Red Lake,47.8717,-96.0953
Sharkey,32.8798,-90.8132
Corson,45.7086,-101.1969
Sioux,46.1127,-101.0404
Clark,44.8582,-97.7295
Sargent,46.1078,-97.6306
Pope,37.4127,-88.5615
Lake of the Woods,48.7712,-94.9046
Knox,40.1283,-92.1481
Ellis,36.2184,-99.7546
Haskell,37.5622,-100.8712
Lyman,43.8958,-99.8474
Echols,30.7101,-82.894
Chase,40.5242,-101.698
Sheridan,48.7212,-104.5047
Sweet Grass,45.8138,-109.941
Cavalier,48.7723,-98.4648
Adams,41.029,-94.6992
Fisher,32.7428,-100.4022
Norton,36.9315,-82.6262
Hardin,37.5182,-88.2668
Catron,33.9153,-108.4046
Lewis,46.237,-116.4263
Smith,39.7852,-98.7855
Hardeman,34.2902,-99.7457
Costilla,37.2781,-105.4282
Mercer,40.4223,-93.5685
Baca,37.3192,-102.5604
Osborne,39.3503,-98.7679
Baylor,33.6165,-99.2135
Hanson,43.6748,-97.7873
Roger Mills,35.6883,-99.6958
Webster,40.1764,-98.5
Aleutians East,55.3671,-161.9803
Kimball,41.1978,-103.7149
Bennett,43.195,-101.664
Tyrrell,35.8172,-76.209
Chautauqua,37.15,-96.2454
Foster,47.4571,-98.883
Petersburg,57.1204,-132.934
Hemphill,35.8376,-100.2706
Granite,46.4045,-113.4404
Nance,41.3973,-97.9922
Sutton,30.4984,-100.5382
Traverse,45.7722,-96.4716
Knox,33.6061,-99.7414
Hudspeth,31.4562,-105.3865
Reagan,31.3661,-101.5231
Coke,31.8886,-100.53
Donley,34.9654,-100.814
Emmons,46.2851,-100.2387
Upton,31.3688,-102.0432
Harper,36.7888,-99.6673
Concho,31.3266,-99.864
Kinney,29.3502,-100.418
Woodson,37.8867,-95.7401
Shackelford,32.7359,-99.354
Harlan,40.1765,-99.4046
Hand,44.5478,-99.0049
Lipscomb,36.2776,-100.2731
Nelson,47.9217,-98.192
Stanley,44.4123,-100.7359
Bowman,46.1126,-103.5206
Sherman,41.2206,-98.9762
Perkins,45.4905,-102.4757
Crockett,30.7231,-101.412
Fallon,46.334,-104.4174
Rush,38.5231,-99.3092
Lincoln,39.0453,-98.2077
Jewell,39.7847,-98.2183
Sierra,39.5803,-120.5161
Glascock,33.2293,-82.6107
Franklin,40.1763,-98.9528
Baker,31.3261,-84.4447
Collingsworth,34.9648,-100.27
Perkins,40.851,-101.6497
Clay,31.6262,-84.9801
Edwards,37.8876,-99.3122
Hall,34.5308,-100.6811
Jackson,43.6943,-101.6281
Real,29.8318,-99.8222
Douglas,43.3869,-98.3661
Trego,38.9143,-99.8728
Decatur,39.7847,-100.4599
Gove,38.9161,-100.483
Logan,38.9173,-101.1484
Brown,42.43,-99.9295
Morton,37.1914,-101.7992
Ness,38.4794,-99.9162
Hitchcock,40.1763,-101.0423
Cheyenne,39.7859,-101.7319
Copper River,61.8834,-143.9681
Butte,43.7229,-113.1721
Aurora,43.718,-98.5615
Potter,45.0645,-99.9572
Chase,38.302,-96.594
Pawnee,40.1315,-96.2371
Rawlins,39.7852,-101.0765
Rich,41.6323,-111.2445
Wayne,38.3244,-110.9038
McIntosh,46.1118,-99.4412
Cochran,33.6042,-102.8285
Hamilton,37.9991,-101.7912
Harmon,34.7441,-99.8462
Frontier,40.5301,-100.3942
Hettinger,46.4325,-102.4603
Schleicher,30.8974,-100.5383
Niobrara,43.0564,-104.4754
Ziebach,44.9804,-101.6658
Elk,37.4537,-96.2441
Sheridan,39.3504,-100.4418
Kiowa,37.5582,-99.2861
Graham,39.3497,-99.8832
Sherman,36.2777,-101.8934
Sedgwick,40.8759,-102.3518
Kidder,46.9801,-99.7801
Sanborn,44.0234,-98.0913
Webster,32.0468,-84.5511
Eddy,47.7176,-98.9016
Dolores,37.7517,-108.5174
Hoonah-Angoon,58.2873,-135.6402
Grant,46.3583,-101.6397
Miner,44.0219,-97.6102
Garfield,46.4316,-117.5452
Griggs,47.4573,-98.237
Renville,48.719,-101.6578
Cimarron,36.7483,-102.5178
McPherson,45.7664,-99.2214
Highland,38.3623,-79.5686
Greeley,41.5674,-98.5212
Robertson,38.5188,-84.052
Divide,48.8149,-103.4872
Adams,46.0968,-102.5284
Burke,48.791,-102.5182
Culberson,31.447,-104.5173
Quitman,31.8673,-85.0188
Oldham,35.405,-102.6028
Towner,48.6855,-99.2457
Faulk,45.071,-99.1453
Wrangell,56.3323,-132.0221
Wichita,38.4821,-101.3474
Denali,63.6714,-150.0118
Keweenaw,47.6279,-88.4346
Haines,59.1198,-135.5001
Stanton,37.563,-101.7842
Wheatland,46.4663,-109.8446
Judith Basin,47.0454,-110.266
Liberty,48.5617,-111.0246
Jeff Davis,30.7154,-104.14
Mellette,43.5813,-100.76
Gilliam,45.3783,-120.2108
Worth,40.4791,-94.4221
Clark,37.2355,-99.8203
Menard,30.8898,-99.8206
Meagher,46.5982,-110.8857
Armstrong,34.9649,-101.3574
Sherman,45.4052,-120.6894
Gosper,40.5148,-99.8307
Buffalo,44.0763,-99.2048
Deuel,41.1116,-102.3339
Logan,46.4573,-99.4774
Jerauld,44.0663,-98.6297
Garfield,41.9144,-98.9914
Oliver,47.1153,-101.3403
Comanche,37.1913,-99.2719
Dundy,40.1762,-101.6879
Garden,41.6194,-102.3354
Steele,47.4562,-97.7246
Powder River,45.395,-105.6302
Hodgeman,38.0875,-99.8979
Boyd,42.8997,-98.7665
Piute,38.3366,-112.1273
Haakon,44.2945,-101.5399
McCone,47.6452,-105.7954
Golden Valley,46.9402,-103.8466
Cheyenne,38.8279,-102.6036
De Baca,34.3425,-104.412
Cottle,34.0776,-100.2788
Taliaferro,33.5661,-82.8788
Eureka,39.9839,-116.2686
Dickens,33.6165,-100.7789
Irion,31.3039,-100.9824
Daniels,48.7838,-105.5485
Campbell,45.7712,-100.0516
Lane,38.4813,-100.4664
Alpine,38.5972,-119.8207
Wallace,38.9167,-101.7636
Jackson,40.6664,-106.3428
Throckmorton,33.1775,-99.2123
Wheeler,44.726,-120.0275
Sterling,31.8278,-101.0501
Edwards,29.9827,-100.3048
Kiowa,38.4326,-102.7402
Sheridan,47.5755,-100.3456
Carter,45.5168,-104.5362
Stonewall,33.1792,-100.2534
Hyde,44.5473,-99.4871
Sully,44.7156,-100.1322
Rock,42.4213,-99.4499
Skagway,59.563,-135.3363
Briscoe,34.5303,-101.2086
Prairie,46.8605,-105.378
Greeley,38.4806,-101.806
Motley,34.0741,-100.7798
Issaquena,32.7414,-90.9892
Harding,45.5803,-103.4958
Sioux,42.4877,-103.7589
Camas,43.4633,-114.8058
Wibaux,46.9653,-104.249
Foard,33.9746,-99.778
Glasscock,31.8694,-101.5208
Jones,43.9606,-100.6897
Lake and Peninsula,58.6548,-156.1891
Keya Paha,42.8789,-99.7124
Esmeralda,37.7846,-117.6323
Garfield,47.2776,-106.9929
Hayes,40.5248,-101.0619
Hinsdale,37.8213,-107.3003
Terrell,30.225,-102.0765
Bristol Bay,58.7439,-156.7
Golden Valley,46.3812,-109.1752
Billings,47.0236,-103.3763
Logan,41.5666,-100.4827
Slope,46.4472,-103.4599
Mineral,37.6689,-106.9241
Wheeler,41.9148,-98.5282
Roberts,35.8384,-100.8136
Clark,44.2839,-112.3512
San Juan,37.764,-107.6762
Borden,32.7436,-101.4317
Treasure,46.2115,-107.2716
Harding,35.8579,-103.8203
McMullen,28.3526,-98.5679
Banner,41.546,-103.7106
Hooker,41.9161,-101.1353
Grant,41.915,-101.7406
Daggett,40.8873,-109.5077
Kent,33.1813,-100.7776
Loup,41.9138,-99.4544
Thomas,41.9136,-100.5558
Yakutat,59.8889,-140.3576
Arthur,41.569,-101.6958
McPherson,41.5682,-101.0604
Petroleum,47.1176,-108.2502
Blaine,41.9128,-99.9768
King,33.6165,-100.2558
Kenedy,26.9285,-97.7017
Loving,31.8493,-103.58
Kalawao,21.1709,-156.9475
